invoiceNumber,caryOnOrCargoBooking,settlement,size,charge,flightCode,customerCode,dealer,personInCharge,receiptDate,deliveryDate,receiptVoucher,invoiceType,address,goods,client,requestDate,fullName,postalCode,telephoneNumber,destination,position,goodsCode,goodsName,pickup,GolfOrSkiOrAirport,clubNumber,service
1,持込み,済,100,1200,0070,123456789,112233,2000,2018/12/1,2018/12/2,済,贈り物,東京都大田区蒲田999-99,Nintendo Switch,大和,2018/12/3,大和太郎,100－12,03-1234-5678,神奈川県川崎市123-45,川崎,333,ゲーム,不要,なし,-,-
2,持込み,済,160,1200,0070,123456789,112233,2000,2018/12/1,2018/12/2,済,贈り物,東京都大田区蒲田999-99,Nintendo Switch,大和,2018/12/3,大和太郎,100－12,03-1234-5678,神奈川県川崎市123-45,川崎,333,ゲーム,不要,なし,-,-
3,持込み,済,160,1200,0070,123456789,112233,2000,2018/12/1,2018/12/2,済,贈り物,東京都大田区蒲田999-99,Nintendo Switch,大和,2018/12/3,大和太郎,100－12,03-1234-5678,神奈川県川崎市123-45,川崎,333,ゲーム,不要,なし,-,-
4,持込み,済,160,1200,0070,123456789,112233,2000,2018/12/1,2018/12/2,済,贈り物,東京都大田区蒲田999-99,Nintendo Switch,大和,2018/12/3,大和太郎,100－12,03-1234-5678,神奈川県川崎市123-45,川崎,333,ゲーム,不要,なし,-,-
5,持込み,済,160,1200,0070,123456789,112233,2000,2018/12/1,2018/12/2,済,贈り物,東京都大田区蒲田999-99,Nintendo Switch,大和,2018/12/3,大和太郎,100－12,03-1234-5678,神奈川県川崎市123-45,川崎,333,ゲーム,不要,なし,-,-
6,持込み,済,160,1200,0070,123456789,112233,2000,2018/12/1,2018/12/2,済,贈り物,東京都大田区蒲田999-99,Nintendo Switch,大和,2018/12/3,大和太郎,100－12,03-1234-5678,神奈川県川崎市123-45,川崎,333,ゲーム,不要,なし,-,-
7,持込み,済,160,1200,0070,123456789,112233,2000,2018/12/1,2018/12/2,済,贈り物,東京都大田区蒲田999-99,Nintendo Switch,大和,2018/12/3,大和太郎,100－12,03-1234-5678,神奈川県川崎市123-45,川崎,333,ゲーム,不要,なし,-,-
8,持込み,済,160,1200,0070,123456789,112233,2000,2018/12/1,2018/12/2,済,贈り物,東京都大田区蒲田999-99,Nintendo Switch,大和,2018/12/3,大和太郎,100－12,03-1234-5678,神奈川県川崎市123-45,川崎,333,ゲーム,不要,なし,-,-
9,持込み,済,160,1200,0070,123456789,112233,2000,2018/12/1,2018/12/2,済,贈り物,東京都大田区蒲田999-99,Nintendo Switch,大和,2018/12/3,大和太郎,100－12,03-1234-5678,神奈川県川崎市123-45,川崎,333,ゲーム,不要,なし,-,-
10,持込み,済,160,1200,0070,123456789,112233,2000,2018/12/1,2018/12/2,済,贈り物,東京都大田区蒲田999-99,Nintendo Switch,大和,2018/12/3,大和太郎,100－12,03-1234-5678,神奈川県川崎市123-45,川崎,333,ゲーム,不要,なし,-,-
11,持込み,済,160,1200,0070,123456789,112233,2000,2018/12/1,2018/12/2,済,贈り物,東京都大田区蒲田999-99,Nintendo Switch,大和,2018/12/3,大和太郎,100－12,03-1234-5678,神奈川県川崎市123-45,川崎,333,ゲーム,不要,なし,-,-
12,持込み,済,160,1200,0070,123456789,112233,2000,2018/12/1,2018/12/2,済,贈り物,東京都大田区蒲田999-99,Nintendo Switch,大和,2018/12/3,大和太郎,100－12,03-1234-5678,神奈川県川崎市123-45,川崎,333,ゲーム,不要,なし,-,-
13,持込み,済,160,1200,0070,123456789,112233,2000,2018/12/1,2018/12/2,済,贈り物,東京都大田区蒲田999-99,Nintendo Switch,大和,2018/12/3,大和太郎,100－12,03-1234-5678,神奈川県川崎市123-45,川崎,333,ゲーム,不要,なし,-,-
14,持込み,済,160,1200,0070,123456789,112233,2000,2018/12/1,2018/12/2,済,贈り物,東京都大田区蒲田999-99,Nintendo Switch,大和,2018/12/3,大和太郎,100－12,03-1234-5678,神奈川県川崎市123-45,川崎,333,ゲーム,不要,なし,-,-
15,持込み,済,160,1200,0070,123456789,112233,2000,2018/12/1,2018/12/2,済,贈り物,東京都大田区蒲田999-99,Nintendo Switch,大和,2018/12/3,大和太郎,100－12,03-1234-5678,神奈川県川崎市123-45,川崎,333,ゲーム,不要,なし,-,-
16,持込み,済,160,1200,0070,123456789,112233,2000,2018/12/1,2018/12/2,済,贈り物,東京都大田区蒲田999-99,Nintendo Switch,大和,2018/12/3,大和太郎,100－12,03-1234-5678,神奈川県川崎市123-45,川崎,333,ゲーム,不要,なし,-,-
17,持込み,済,160,1200,0070,123456789,112233,2000,2018/12/1,2018/12/2,済,贈り物,東京都大田区蒲田999-99,Nintendo Switch,大和,2018/12/3,大和太郎,100－12,03-1234-5678,神奈川県川崎市123-45,川崎,333,ゲーム,不要,なし,-,-
18,持込み,済,160,1200,0070,123456789,112233,2000,2018/12/1,2018/12/2,済,贈り物,東京都大田区蒲田999-99,Nintendo Switch,大和,2018/12/3,大和太郎,100－12,03-1234-5678,神奈川県川崎市123-45,川崎,333,ゲーム,不要,なし,-,-
19,持込み,済,160,1200,0070,123456789,112233,2000,2018/12/1,2018/12/2,済,贈り物,東京都大田区蒲田999-99,Nintendo Switch,大和,2018/12/3,大和太郎,100－12,03-1234-5678,神奈川県川崎市123-45,川崎,333,ゲーム,不要,なし,-,-
20,持込み,済,160,1200,0070,123456789,112233,2000,2018/12/1,2018/12/2,済,贈り物,東京都大田区蒲田999-99,Nintendo Switch,大和,2018/12/3,大和太郎,100－12,03-1234-5678,神奈川県川崎市123-45,川崎,333,ゲーム,不要,なし,-,-
21,持込み,済,160,1200,0070,123456789,112233,2000,2018/12/1,2018/12/2,済,贈り物,東京都大田区蒲田999-99,Nintendo Switch,大和,2018/12/3,大和太郎,100－12,03-1234-5678,神奈川県川崎市123-45,川崎,333,ゲーム,不要,なし,-,-
22,持込み,済,160,1200,0070,123456789,112233,2000,2018/12/1,2018/12/2,済,贈り物,東京都大田区蒲田999-99,Nintendo Switch,大和,2018/12/3,大和太郎,100－12,03-1234-5678,神奈川県川崎市123-45,川崎,333,ゲーム,不要,なし,-,-
23,持込み,済,160,1200,0070,123456789,112233,2000,2018/12/1,2018/12/2,済,贈り物,東京都大田区蒲田999-99,Nintendo Switch,大和,2018/12/3,大和太郎,100－12,03-1234-5678,神奈川県川崎市123-45,川崎,333,ゲーム,不要,なし,-,-
24,持込み,済,160,1200,0070,123456789,112233,2000,2018/12/1,2018/12/2,済,贈り物,東京都大田区蒲田999-99,Nintendo Switch,大和,2018/12/3,大和太郎,100－12,03-1234-5678,神奈川県川崎市123-45,川崎,333,ゲーム,不要,なし,-,-
25,持込み,済,160,1200,0070,123456789,112233,2000,2018/12/1,2018/12/2,済,贈り物,東京都大田区蒲田999-99,Nintendo Switch,大和,2018/12/3,大和太郎,100－12,03-1234-5678,神奈川県川崎市123-45,川崎,333,ゲーム,不要,なし,-,-
26,持込み,済,160,1200,0070,123456789,112233,2000,2018/12/1,2018/12/2,済,贈り物,東京都大田区蒲田999-99,Nintendo Switch,大和,2018/12/3,大和太郎,100－12,03-1234-5678,神奈川県川崎市123-45,川崎,333,ゲーム,不要,なし,-,-
27,持込み,済,160,1200,0070,123456789,112233,2000,2018/12/1,2018/12/2,済,贈り物,東京都大田区蒲田999-99,Nintendo Switch,大和,2018/12/3,大和太郎,100－12,03-1234-5678,神奈川県川崎市123-45,川崎,333,ゲーム,不要,なし,-,-
28,持込み,済,160,1200,0070,123456789,112233,2000,2018/12/1,2018/12/2,済,贈り物,東京都大田区蒲田999-99,Nintendo Switch,大和,2018/12/3,大和太郎,100－12,03-1234-5678,神奈川県川崎市123-45,川崎,333,ゲーム,不要,なし,-,-
29,持込み,済,160,1200,0070,123456789,112233,2000,2018/12/1,2018/12/2,済,贈り物,東京都大田区蒲田999-99,Nintendo Switch,大和,2018/12/3,大和太郎,100－12,03-1234-5678,神奈川県川崎市123-45,川崎,333,ゲーム,不要,なし,-,-
30,持込み,済,160,1200,0070,123456789,112233,2000,2018/12/1,2018/12/2,済,贈り物,東京都大田区蒲田999-99,Nintendo Switch,大和,2018/12/3,大和太郎,100－12,03-1234-5678,神奈川県川崎市123-45,川崎,333,ゲーム,不要,なし,-,-
31,持込み,済,160,1200,0070,123456789,112233,2000,2018/12/1,2018/12/2,済,贈り物,東京都大田区蒲田999-99,Nintendo Switch,大和,2018/12/3,大和太郎,100－12,03-1234-5678,神奈川県川崎市123-45,川崎,333,ゲーム,不要,なし,-,-
32,持込み,済,160,1200,0070,123456789,112233,2000,2018/12/1,2018/12/2,済,贈り物,東京都大田区蒲田999-99,Nintendo Switch,大和,2018/12/3,大和太郎,100－12,03-1234-5678,神奈川県川崎市123-45,川崎,333,ゲーム,不要,なし,-,-
33,持込み,済,160,1200,0070,123456789,112233,2000,2018/12/1,2018/12/2,済,贈り物,東京都大田区蒲田999-99,Nintendo Switch,大和,2018/12/3,大和太郎,100－12,03-1234-5678,神奈川県川崎市123-45,川崎,333,ゲーム,不要,なし,-,-
34,持込み,済,160,1200,0070,123456789,112233,2000,2018/12/1,2018/12/2,済,贈り物,東京都大田区蒲田999-99,Nintendo Switch,大和,2018/12/3,大和太郎,100－12,03-1234-5678,神奈川県川崎市123-45,川崎,333,ゲーム,不要,なし,-,-
35,持込み,済,160,1200,0070,123456789,112233,2000,2018/12/1,2018/12/2,済,贈り物,東京都大田区蒲田999-99,Nintendo Switch,大和,2018/12/3,大和太郎,100－12,03-1234-5678,神奈川県川崎市123-45,川崎,333,ゲーム,不要,なし,-,-
36,持込み,済,160,1200,0070,123456789,112233,2000,2018/12/1,2018/12/2,済,贈り物,東京都大田区蒲田999-99,Nintendo Switch,大和,2018/12/3,大和太郎,100－12,03-1234-5678,神奈川県川崎市123-45,川崎,333,ゲーム,不要,なし,-,-
37,持込み,済,160,1200,0070,123456789,112233,2000,2018/12/1,2018/12/2,済,贈り物,東京都大田区蒲田999-99,Nintendo Switch,大和,2018/12/3,大和太郎,100－12,03-1234-5678,神奈川県川崎市123-45,川崎,333,ゲーム,不要,なし,-,-
38,持込み,済,160,1200,0070,123456789,112233,2000,2018/12/1,2018/12/2,済,贈り物,東京都大田区蒲田999-99,Nintendo Switch,大和,2018/12/3,大和太郎,100－12,03-1234-5678,神奈川県川崎市123-45,川崎,333,ゲーム,不要,なし,-,-
39,持込み,済,160,1200,0070,123456789,112233,2000,2018/12/1,2018/12/2,済,贈り物,東京都大田区蒲田999-99,Nintendo Switch,大和,2018/12/3,大和太郎,100－12,03-1234-5678,神奈川県川崎市123-45,川崎,333,ゲーム,不要,なし,-,-
40,持込み,済,160,1200,0070,123456789,112233,2000,2018/12/1,2018/12/2,済,贈り物,東京都大田区蒲田999-99,Nintendo Switch,大和,2018/12/3,大和太郎,100－12,03-1234-5678,神奈川県川崎市123-45,川崎,333,ゲーム,不要,なし,-,-
41,持込み,済,160,1200,0070,123456789,112233,2000,2018/12/1,2018/12/2,済,贈り物,東京都大田区蒲田999-99,Nintendo Switch,大和,2018/12/3,大和太郎,100－12,03-1234-5678,神奈川県川崎市123-45,川崎,333,ゲーム,不要,なし,-,-
42,持込み,済,160,1200,0070,123456789,112233,2000,2018/12/1,2018/12/2,済,贈り物,東京都大田区蒲田999-99,Nintendo Switch,大和,2018/12/3,大和太郎,100－12,03-1234-5678,神奈川県川崎市123-45,川崎,333,ゲーム,不要,なし,-,-
43,持込み,済,160,1200,0070,123456789,112233,2000,2018/12/1,2018/12/2,済,贈り物,東京都大田区蒲田999-99,Nintendo Switch,大和,2018/12/3,大和太郎,100－12,03-1234-5678,神奈川県川崎市123-45,川崎,333,ゲーム,不要,なし,-,-
44,持込み,済,160,1200,0070,123456789,112233,2000,2018/12/1,2018/12/2,済,贈り物,東京都大田区蒲田999-99,Nintendo Switch,大和,2018/12/3,大和太郎,100－12,03-1234-5678,神奈川県川崎市123-45,川崎,333,ゲーム,不要,なし,-,-
45,持込み,済,160,1200,0070,123456789,112233,2000,2018/12/1,2018/12/2,済,贈り物,東京都大田区蒲田999-99,Nintendo Switch,大和,2018/12/3,大和太郎,100－12,03-1234-5678,神奈川県川崎市123-45,川崎,333,ゲーム,不要,なし,-,-
46,持込み,済,160,1200,0070,123456789,112233,2000,2018/12/1,2018/12/2,済,贈り物,東京都大田区蒲田999-99,Nintendo Switch,大和,2018/12/3,大和太郎,100－12,03-1234-5678,神奈川県川崎市123-45,川崎,333,ゲーム,不要,なし,-,-
47,持込み,済,160,1200,0070,123456789,112233,2000,2018/12/1,2018/12/2,済,贈り物,東京都大田区蒲田999-99,Nintendo Switch,大和,2018/12/3,大和太郎,100－12,03-1234-5678,神奈川県川崎市123-45,川崎,333,ゲーム,不要,なし,-,-
48,持込み,済,160,1200,0070,123456789,112233,2000,2018/12/1,2018/12/2,済,贈り物,東京都大田区蒲田999-99,Nintendo Switch,大和,2018/12/3,大和太郎,100－12,03-1234-5678,神奈川県川崎市123-45,川崎,333,ゲーム,不要,なし,-,-
49,持込み,済,160,1200,0070,123456789,112233,2000,2018/12/1,2018/12/2,済,贈り物,東京都大田区蒲田999-99,Nintendo Switch,大和,2018/12/3,大和太郎,100－12,03-1234-5678,神奈川県川崎市123-45,川崎,333,ゲーム,不要,なし,-,-
50,持込み,済,160,1200,0070,123456789,112233,2000,2018/12/1,2018/12/2,済,贈り物,東京都大田区蒲田999-99,Nintendo Switch,大和,2018/12/3,大和太郎,100－12,03-1234-5678,神奈川県川崎市123-45,川崎,333,ゲーム,不要,なし,-,-
51,持込み,済,160,1200,0070,123456789,112233,2000,2018/12/1,2018/12/2,済,贈り物,東京都大田区蒲田999-99,Nintendo Switch,大和,2018/12/3,大和太郎,100－12,03-1234-5678,神奈川県川崎市123-45,川崎,333,ゲーム,不要,なし,-,-
52,持込み,済,160,1200,0070,123456789,112233,2000,2018/12/1,2018/12/2,済,贈り物,東京都大田区蒲田999-99,Nintendo Switch,大和,2018/12/3,大和太郎,100－12,03-1234-5678,神奈川県川崎市123-45,川崎,333,ゲーム,不要,なし,-,-
53,持込み,済,160,1200,0070,123456789,112233,2000,2018/12/1,2018/12/2,済,贈り物,東京都大田区蒲田999-99,Nintendo Switch,大和,2018/12/3,大和太郎,100－12,03-1234-5678,神奈川県川崎市123-45,川崎,333,ゲーム,不要,なし,-,-
54,持込み,済,160,1200,0070,123456789,112233,2000,2018/12/1,2018/12/2,済,贈り物,東京都大田区蒲田999-99,Nintendo Switch,大和,2018/12/3,大和太郎,100－12,03-1234-5678,神奈川県川崎市123-45,川崎,333,ゲーム,不要,なし,-,-
55,持込み,済,160,1200,0070,123456789,112233,2000,2018/12/1,2018/12/2,済,贈り物,東京都大田区蒲田999-99,Nintendo Switch,大和,2018/12/3,大和太郎,100－12,03-1234-5678,神奈川県川崎市123-45,川崎,333,ゲーム,不要,なし,-,-
56,持込み,済,160,1200,0070,123456789,112233,2000,2018/12/1,2018/12/2,済,贈り物,東京都大田区蒲田999-99,Nintendo Switch,大和,2018/12/3,大和太郎,100－12,03-1234-5678,神奈川県川崎市123-45,川崎,333,ゲーム,不要,なし,-,-
57,持込み,済,160,1200,0070,123456789,112233,2000,2018/12/1,2018/12/2,済,贈り物,東京都大田区蒲田999-99,Nintendo Switch,大和,2018/12/3,大和太郎,100－12,03-1234-5678,神奈川県川崎市123-45,川崎,333,ゲーム,不要,なし,-,-
58,持込み,済,160,1200,0070,123456789,112233,2000,2018/12/1,2018/12/2,済,贈り物,東京都大田区蒲田999-99,Nintendo Switch,大和,2018/12/3,大和太郎,100－12,03-1234-5678,神奈川県川崎市123-45,川崎,333,ゲーム,不要,なし,-,-
59,持込み,済,160,1200,0070,123456789,112233,2000,2018/12/1,2018/12/2,済,贈り物,東京都大田区蒲田999-99,Nintendo Switch,大和,2018/12/3,大和太郎,100－12,03-1234-5678,神奈川県川崎市123-45,川崎,333,ゲーム,不要,なし,-,-
60,持込み,済,160,1200,0070,123456789,112233,2000,2018/12/1,2018/12/2,済,贈り物,東京都大田区蒲田999-99,Nintendo Switch,大和,2018/12/3,大和太郎,100－12,03-1234-5678,神奈川県川崎市123-45,川崎,333,ゲーム,不要,なし,-,-
61,持込み,済,160,1200,0070,123456789,112233,2000,2018/12/1,2018/12/2,済,贈り物,東京都大田区蒲田999-99,Nintendo Switch,大和,2018/12/3,大和太郎,100－12,03-1234-5678,神奈川県川崎市123-45,川崎,333,ゲーム,不要,なし,-,-
62,持込み,済,160,1200,0070,123456789,112233,2000,2018/12/1,2018/12/2,済,贈り物,東京都大田区蒲田999-99,Nintendo Switch,大和,2018/12/3,大和太郎,100－12,03-1234-5678,神奈川県川崎市123-45,川崎,333,ゲーム,不要,なし,-,-
63,持込み,済,160,1200,0070,123456789,112233,2000,2018/12/1,2018/12/2,済,贈り物,東京都大田区蒲田999-99,Nintendo Switch,大和,2018/12/3,大和太郎,100－12,03-1234-5678,神奈川県川崎市123-45,川崎,333,ゲーム,不要,なし,-,-
64,持込み,済,160,1200,0070,123456789,112233,2000,2018/12/1,2018/12/2,済,贈り物,東京都大田区蒲田999-99,Nintendo Switch,大和,2018/12/3,大和太郎,100－12,03-1234-5678,神奈川県川崎市123-45,川崎,333,ゲーム,不要,なし,-,-
65,持込み,済,160,1200,0070,123456789,112233,2000,2018/12/1,2018/12/2,済,贈り物,東京都大田区蒲田999-99,Nintendo Switch,大和,2018/12/3,大和太郎,100－12,03-1234-5678,神奈川県川崎市123-45,川崎,333,ゲーム,不要,なし,-,-
66,持込み,済,160,1200,0070,123456789,112233,2000,2018/12/1,2018/12/2,済,贈り物,東京都大田区蒲田999-99,Nintendo Switch,大和,2018/12/3,大和太郎,100－12,03-1234-5678,神奈川県川崎市123-45,川崎,333,ゲーム,不要,なし,-,-
67,持込み,済,160,1200,0070,123456789,112233,2000,2018/12/1,2018/12/2,済,贈り物,東京都大田区蒲田999-99,Nintendo Switch,大和,2018/12/3,大和太郎,100－12,03-1234-5678,神奈川県川崎市123-45,川崎,333,ゲーム,不要,なし,-,-
68,持込み,済,160,1200,0070,123456789,112233,2000,2018/12/1,2018/12/2,済,贈り物,東京都大田区蒲田999-99,Nintendo Switch,大和,2018/12/3,大和太郎,100－12,03-1234-5678,神奈川県川崎市123-45,川崎,333,ゲーム,不要,なし,-,-
69,持込み,済,160,1200,0070,123456789,112233,2000,2018/12/1,2018/12/2,済,贈り物,東京都大田区蒲田999-99,Nintendo Switch,大和,2018/12/3,大和太郎,100－12,03-1234-5678,神奈川県川崎市123-45,川崎,333,ゲーム,不要,なし,-,-
70,持込み,済,160,1200,0070,123456789,112233,2000,2018/12/1,2018/12/2,済,贈り物,東京都大田区蒲田999-99,Nintendo Switch,大和,2018/12/3,大和太郎,100－12,03-1234-5678,神奈川県川崎市123-45,川崎,333,ゲーム,不要,なし,-,-
71,持込み,済,160,1200,0070,123456789,112233,2000,2018/12/1,2018/12/2,済,贈り物,東京都大田区蒲田999-99,Nintendo Switch,大和,2018/12/3,大和太郎,100－12,03-1234-5678,神奈川県川崎市123-45,川崎,333,ゲーム,不要,なし,-,-
72,持込み,済,160,1200,0070,123456789,112233,2000,2018/12/1,2018/12/2,済,贈り物,東京都大田区蒲田999-99,Nintendo Switch,大和,2018/12/3,大和太郎,100－12,03-1234-5678,神奈川県川崎市123-45,川崎,333,ゲーム,不要,なし,-,-
73,持込み,済,160,1200,0070,123456789,112233,2000,2018/12/1,2018/12/2,済,贈り物,東京都大田区蒲田999-99,Nintendo Switch,大和,2018/12/3,大和太郎,100－12,03-1234-5678,神奈川県川崎市123-45,川崎,333,ゲーム,不要,なし,-,-
74,持込み,済,160,1200,0070,123456789,112233,2000,2018/12/1,2018/12/2,済,贈り物,東京都大田区蒲田999-99,Nintendo Switch,大和,2018/12/3,大和太郎,100－12,03-1234-5678,神奈川県川崎市123-45,川崎,333,ゲーム,不要,なし,-,-
75,持込み,済,160,1200,0070,123456789,112233,2000,2018/12/1,2018/12/2,済,贈り物,東京都大田区蒲田999-99,Nintendo Switch,大和,2018/12/3,大和太郎,100－12,03-1234-5678,神奈川県川崎市123-45,川崎,333,ゲーム,不要,なし,-,-
76,持込み,済,160,1200,0070,123456789,112233,2000,2018/12/1,2018/12/2,済,贈り物,東京都大田区蒲田999-99,Nintendo Switch,大和,2018/12/3,大和太郎,100－12,03-1234-5678,神奈川県川崎市123-45,川崎,333,ゲーム,不要,なし,-,-
77,持込み,済,160,1200,0070,123456789,112233,2000,2018/12/1,2018/12/2,済,贈り物,東京都大田区蒲田999-99,Nintendo Switch,大和,2018/12/3,大和太郎,100－12,03-1234-5678,神奈川県川崎市123-45,川崎,333,ゲーム,不要,なし,-,-
78,持込み,済,160,1200,0070,123456789,112233,2000,2018/12/1,2018/12/2,済,贈り物,東京都大田区蒲田999-99,Nintendo Switch,大和,2018/12/3,大和太郎,100－12,03-1234-5678,神奈川県川崎市123-45,川崎,333,ゲーム,不要,なし,-,-
79,持込み,済,160,1200,0070,123456789,112233,2000,2018/12/1,2018/12/2,済,贈り物,東京都大田区蒲田999-99,Nintendo Switch,大和,2018/12/3,大和太郎,100－12,03-1234-5678,神奈川県川崎市123-45,川崎,333,ゲーム,不要,なし,-,-
80,持込み,済,160,1200,0070,123456789,112233,2000,2018/12/1,2018/12/2,済,贈り物,東京都大田区蒲田999-99,Nintendo Switch,大和,2018/12/3,大和太郎,100－12,03-1234-5678,神奈川県川崎市123-45,川崎,333,ゲーム,不要,なし,-,-
81,持込み,済,160,1200,0070,123456789,112233,2000,2018/12/1,2018/12/2,済,贈り物,東京都大田区蒲田999-99,Nintendo Switch,大和,2018/12/3,大和太郎,100－12,03-1234-5678,神奈川県川崎市123-45,川崎,333,ゲーム,不要,なし,-,-
82,持込み,済,160,1200,0070,123456789,112233,2000,2018/12/1,2018/12/2,済,贈り物,東京都大田区蒲田999-99,Nintendo Switch,大和,2018/12/3,大和太郎,100－12,03-1234-5678,神奈川県川崎市123-45,川崎,333,ゲーム,不要,なし,-,-
83,持込み,済,160,1200,0070,123456789,112233,2000,2018/12/1,2018/12/2,済,贈り物,東京都大田区蒲田999-99,Nintendo Switch,大和,2018/12/3,大和太郎,100－12,03-1234-5678,神奈川県川崎市123-45,川崎,333,ゲーム,不要,なし,-,-
84,持込み,済,160,1200,0070,123456789,112233,2000,2018/12/1,2018/12/2,済,贈り物,東京都大田区蒲田999-99,Nintendo Switch,大和,2018/12/3,大和太郎,100－12,03-1234-5678,神奈川県川崎市123-45,川崎,333,ゲーム,不要,なし,-,-
85,持込み,済,160,1200,0070,123456789,112233,2000,2018/12/1,2018/12/2,済,贈り物,東京都大田区蒲田999-99,Nintendo Switch,大和,2018/12/3,大和太郎,100－12,03-1234-5678,神奈川県川崎市123-45,川崎,333,ゲーム,不要,なし,-,-
86,持込み,済,160,1200,0070,123456789,112233,2000,2018/12/1,2018/12/2,済,贈り物,東京都大田区蒲田999-99,Nintendo Switch,大和,2018/12/3,大和太郎,100－12,03-1234-5678,神奈川県川崎市123-45,川崎,333,ゲーム,不要,なし,-,-
87,持込み,済,160,1200,0070,123456789,112233,2000,2018/12/1,2018/12/2,済,贈り物,東京都大田区蒲田999-99,Nintendo Switch,大和,2018/12/3,大和太郎,100－12,03-1234-5678,神奈川県川崎市123-45,川崎,333,ゲーム,不要,なし,-,-
88,持込み,済,160,1200,0070,123456789,112233,2000,2018/12/1,2018/12/2,済,贈り物,東京都大田区蒲田999-99,Nintendo Switch,大和,2018/12/3,大和太郎,100－12,03-1234-5678,神奈川県川崎市123-45,川崎,333,ゲーム,不要,なし,-,-
89,持込み,済,160,1200,0070,123456789,112233,2000,2018/12/1,2018/12/2,済,贈り物,東京都大田区蒲田999-99,Nintendo Switch,大和,2018/12/3,大和太郎,100－12,03-1234-5678,神奈川県川崎市123-45,川崎,333,ゲーム,不要,なし,-,-
90,持込み,済,160,1200,0070,123456789,112233,2000,2018/12/1,2018/12/2,済,贈り物,東京都大田区蒲田999-99,Nintendo Switch,大和,2018/12/3,大和太郎,100－12,03-1234-5678,神奈川県川崎市123-45,川崎,333,ゲーム,不要,なし,-,-
91,持込み,済,160,1200,0070,123456789,112233,2000,2018/12/1,2018/12/2,済,贈り物,東京都大田区蒲田999-99,Nintendo Switch,大和,2018/12/3,大和太郎,100－12,03-1234-5678,神奈川県川崎市123-45,川崎,333,ゲーム,不要,なし,-,-
92,持込み,済,160,1200,0070,123456789,112233,2000,2018/12/1,2018/12/2,済,贈り物,東京都大田区蒲田999-99,Nintendo Switch,大和,2018/12/3,大和太郎,100－12,03-1234-5678,神奈川県川崎市123-45,川崎,333,ゲーム,不要,なし,-,-
93,持込み,済,160,1200,0070,123456789,112233,2000,2018/12/1,2018/12/2,済,贈り物,東京都大田区蒲田999-99,Nintendo Switch,大和,2018/12/3,大和太郎,100－12,03-1234-5678,神奈川県川崎市123-45,川崎,333,ゲーム,不要,なし,-,-
94,持込み,済,160,1200,0070,123456789,112233,2000,2018/12/1,2018/12/2,済,贈り物,東京都大田区蒲田999-99,Nintendo Switch,大和,2018/12/3,大和太郎,100－12,03-1234-5678,神奈川県川崎市123-45,川崎,333,ゲーム,不要,なし,-,-
95,持込み,済,160,1200,0070,123456789,112233,2000,2018/12/1,2018/12/2,済,贈り物,東京都大田区蒲田999-99,Nintendo Switch,大和,2018/12/3,大和太郎,100－12,03-1234-5678,神奈川県川崎市123-45,川崎,333,ゲーム,不要,なし,-,-
96,持込み,済,160,1200,0070,123456789,112233,2000,2018/12/1,2018/12/2,済,贈り物,東京都大田区蒲田999-99,Nintendo Switch,大和,2018/12/3,大和太郎,100－12,03-1234-5678,神奈川県川崎市123-45,川崎,333,ゲーム,不要,なし,-,-
97,持込み,済,160,1200,0070,123456789,112233,2000,2018/12/1,2018/12/2,済,贈り物,東京都大田区蒲田999-99,Nintendo Switch,大和,2018/12/3,大和太郎,100－12,03-1234-5678,神奈川県川崎市123-45,川崎,333,ゲーム,不要,なし,-,-
98,持込み,済,160,1200,0070,123456789,112233,2000,2018/12/1,2018/12/2,済,贈り物,東京都大田区蒲田999-99,Nintendo Switch,大和,2018/12/3,大和太郎,100－12,03-1234-5678,神奈川県川崎市123-45,川崎,333,ゲーム,不要,なし,-,-
99,持込み,済,160,1200,0070,123456789,112233,2000,2018/12/1,2018/12/2,済,贈り物,東京都大田区蒲田999-99,Nintendo Switch,大和,2018/12/3,大和太郎,100－12,03-1234-5678,神奈川県川崎市123-45,川崎,333,ゲーム,不要,なし,-,-
100,持込み,済,160,1200,0070,123456789,112233,2000,2018/12/1,2018/12/2,済,贈り物,東京都大田区蒲田999-99,Nintendo Switch,大和,2018/12/3,大和太郎,100－12,03-1234-5678,神奈川県川崎市123-45,川崎,333,ゲーム,不要,なし,-,-
101,持込み,済,160,1200,0070,123456789,112233,2000,2018/12/1,2018/12/2,済,贈り物,東京都大田区蒲田999-99,Nintendo Switch,大和,2018/12/3,大和太郎,100－12,03-1234-5678,神奈川県川崎市123-45,川崎,333,ゲーム,不要,なし,-,-
102,持込み,済,160,1200,0070,123456789,112233,2000,2018/12/1,2018/12/2,済,贈り物,東京都大田区蒲田999-99,Nintendo Switch,大和,2018/12/3,大和太郎,100－12,03-1234-5678,神奈川県川崎市123-45,川崎,333,ゲーム,不要,なし,-,-
103,持込み,済,160,1200,0070,123456789,112233,2000,2018/12/1,2018/12/2,済,贈り物,東京都大田区蒲田999-99,Nintendo Switch,大和,2018/12/3,大和太郎,100－12,03-1234-5678,神奈川県川崎市123-45,川崎,333,ゲーム,不要,なし,-,-
104,持込み,済,160,1200,0070,123456789,112233,2000,2018/12/1,2018/12/2,済,贈り物,東京都大田区蒲田999-99,Nintendo Switch,大和,2018/12/3,大和太郎,100－12,03-1234-5678,神奈川県川崎市123-45,川崎,333,ゲーム,不要,なし,-,-
105,持込み,済,160,1200,0070,123456789,112233,2000,2018/12/1,2018/12/2,済,贈り物,東京都大田区蒲田999-99,Nintendo Switch,大和,2018/12/3,大和太郎,100－12,03-1234-5678,神奈川県川崎市123-45,川崎,333,ゲーム,不要,なし,-,-
106,持込み,済,160,1200,0070,123456789,112233,2000,2018/12/1,2018/12/2,済,贈り物,東京都大田区蒲田999-99,Nintendo Switch,大和,2018/12/3,大和太郎,100－12,03-1234-5678,神奈川県川崎市123-45,川崎,333,ゲーム,不要,なし,-,-
107,持込み,済,160,1200,0070,123456789,112233,2000,2018/12/1,2018/12/2,済,贈り物,東京都大田区蒲田999-99,Nintendo Switch,大和,2018/12/3,大和太郎,100－12,03-1234-5678,神奈川県川崎市123-45,川崎,333,ゲーム,不要,なし,-,-
108,持込み,済,160,1200,0070,123456789,112233,2000,2018/12/1,2018/12/2,済,贈り物,東京都大田区蒲田999-99,Nintendo Switch,大和,2018/12/3,大和太郎,100－12,03-1234-5678,神奈川県川崎市123-45,川崎,333,ゲーム,不要,なし,-,-
109,持込み,済,160,1200,0070,123456789,112233,2000,2018/12/1,2018/12/2,済,贈り物,東京都大田区蒲田999-99,Nintendo Switch,大和,2018/12/3,大和太郎,100－12,03-1234-5678,神奈川県川崎市123-45,川崎,333,ゲーム,不要,なし,-,-
110,持込み,済,160,1200,0070,123456789,112233,2000,2018/12/1,2018/12/2,済,贈り物,東京都大田区蒲田999-99,Nintendo Switch,大和,2018/12/3,大和太郎,100－12,03-1234-5678,神奈川県川崎市123-45,川崎,333,ゲーム,不要,なし,-,-
111,持込み,済,160,1200,0070,123456789,112233,2000,2018/12/1,2018/12/2,済,贈り物,東京都大田区蒲田999-99,Nintendo Switch,大和,2018/12/3,大和太郎,100－12,03-1234-5678,神奈川県川崎市123-45,川崎,333,ゲーム,不要,なし,-,-
112,持込み,済,160,1200,0070,123456789,112233,2000,2018/12/1,2018/12/2,済,贈り物,東京都大田区蒲田999-99,Nintendo Switch,大和,2018/12/3,大和太郎,100－12,03-1234-5678,神奈川県川崎市123-45,川崎,333,ゲーム,不要,なし,-,-
113,持込み,済,160,1200,0070,123456789,112233,2000,2018/12/1,2018/12/2,済,贈り物,東京都大田区蒲田999-99,Nintendo Switch,大和,2018/12/3,大和太郎,100－12,03-1234-5678,神奈川県川崎市123-45,川崎,333,ゲーム,不要,なし,-,-
114,持込み,済,160,1200,0070,123456789,112233,2000,2018/12/1,2018/12/2,済,贈り物,東京都大田区蒲田999-99,Nintendo Switch,大和,2018/12/3,大和太郎,100－12,03-1234-5678,神奈川県川崎市123-45,川崎,333,ゲーム,不要,なし,-,-
115,持込み,済,160,1200,0070,123456789,112233,2000,2018/12/1,2018/12/2,済,贈り物,東京都大田区蒲田999-99,Nintendo Switch,大和,2018/12/3,大和太郎,100－12,03-1234-5678,神奈川県川崎市123-45,川崎,333,ゲーム,不要,なし,-,-
116,持込み,済,160,1200,0070,123456789,112233,2000,2018/12/1,2018/12/2,済,贈り物,東京都大田区蒲田999-99,Nintendo Switch,大和,2018/12/3,大和太郎,100－12,03-1234-5678,神奈川県川崎市123-45,川崎,333,ゲーム,不要,なし,-,-
117,持込み,済,160,1200,0070,123456789,112233,2000,2018/12/1,2018/12/2,済,贈り物,東京都大田区蒲田999-99,Nintendo Switch,大和,2018/12/3,大和太郎,100－12,03-1234-5678,神奈川県川崎市123-45,川崎,333,ゲーム,不要,なし,-,-
118,持込み,済,160,1200,0070,123456789,112233,2000,2018/12/1,2018/12/2,済,贈り物,東京都大田区蒲田999-99,Nintendo Switch,大和,2018/12/3,大和太郎,100－12,03-1234-5678,神奈川県川崎市123-45,川崎,333,ゲーム,不要,なし,-,-
119,持込み,済,160,1200,0070,123456789,112233,2000,2018/12/1,2018/12/2,済,贈り物,東京都大田区蒲田999-99,Nintendo Switch,大和,2018/12/3,大和太郎,100－12,03-1234-5678,神奈川県川崎市123-45,川崎,333,ゲーム,不要,なし,-,-
120,持込み,済,160,1200,0070,123456789,112233,2000,2018/12/1,2018/12/2,済,贈り物,東京都大田区蒲田999-99,Nintendo Switch,大和,2018/12/3,大和太郎,100－12,03-1234-5678,神奈川県川崎市123-45,川崎,333,ゲーム,不要,なし,-,-
121,持込み,済,160,1200,0070,123456789,112233,2000,2018/12/1,2018/12/2,済,贈り物,東京都大田区蒲田999-99,Nintendo Switch,大和,2018/12/3,大和太郎,100－12,03-1234-5678,神奈川県川崎市123-45,川崎,333,ゲーム,不要,なし,-,-
122,持込み,済,160,1200,0070,123456789,112233,2000,2018/12/1,2018/12/2,済,贈り物,東京都大田区蒲田999-99,Nintendo Switch,大和,2018/12/3,大和太郎,100－12,03-1234-5678,神奈川県川崎市123-45,川崎,333,ゲーム,不要,なし,-,-
123,持込み,済,160,1200,0070,123456789,112233,2000,2018/12/1,2018/12/2,済,贈り物,東京都大田区蒲田999-99,Nintendo Switch,大和,2018/12/3,大和太郎,100－12,03-1234-5678,神奈川県川崎市123-45,川崎,333,ゲーム,不要,なし,-,-
124,持込み,済,160,1200,0070,123456789,112233,2000,2018/12/1,2018/12/2,済,贈り物,東京都大田区蒲田999-99,Nintendo Switch,大和,2018/12/3,大和太郎,100－12,03-1234-5678,神奈川県川崎市123-45,川崎,333,ゲーム,不要,なし,-,-
125,持込み,済,160,1200,0070,123456789,112233,2000,2018/12/1,2018/12/2,済,贈り物,東京都大田区蒲田999-99,Nintendo Switch,大和,2018/12/3,大和太郎,100－12,03-1234-5678,神奈川県川崎市123-45,川崎,333,ゲーム,不要,なし,-,-
126,持込み,済,160,1200,0070,123456789,112233,2000,2018/12/1,2018/12/2,済,贈り物,東京都大田区蒲田999-99,Nintendo Switch,大和,2018/12/3,大和太郎,100－12,03-1234-5678,神奈川県川崎市123-45,川崎,333,ゲーム,不要,なし,-,-
127,持込み,済,160,1200,0070,123456789,112233,2000,2018/12/1,2018/12/2,済,贈り物,東京都大田区蒲田999-99,Nintendo Switch,大和,2018/12/3,大和太郎,100－12,03-1234-5678,神奈川県川崎市123-45,川崎,333,ゲーム,不要,なし,-,-
128,持込み,済,160,1200,0070,123456789,112233,2000,2018/12/1,2018/12/2,済,贈り物,東京都大田区蒲田999-99,Nintendo Switch,大和,2018/12/3,大和太郎,100－12,03-1234-5678,神奈川県川崎市123-45,川崎,333,ゲーム,不要,なし,-,-
129,持込み,済,160,1200,0070,123456789,112233,2000,2018/12/1,2018/12/2,済,贈り物,東京都大田区蒲田999-99,Nintendo Switch,大和,2018/12/3,大和太郎,100－12,03-1234-5678,神奈川県川崎市123-45,川崎,333,ゲーム,不要,なし,-,-
130,持込み,済,160,1200,0070,123456789,112233,2000,2018/12/1,2018/12/2,済,贈り物,東京都大田区蒲田999-99,Nintendo Switch,大和,2018/12/3,大和太郎,100－12,03-1234-5678,神奈川県川崎市123-45,川崎,333,ゲーム,不要,なし,-,-
131,持込み,済,160,1200,0070,123456789,112233,2000,2018/12/1,2018/12/2,済,贈り物,東京都大田区蒲田999-99,Nintendo Switch,大和,2018/12/3,大和太郎,100－12,03-1234-5678,神奈川県川崎市123-45,川崎,333,ゲーム,不要,なし,-,-
132,持込み,済,160,1200,0070,123456789,112233,2000,2018/12/1,2018/12/2,済,贈り物,東京都大田区蒲田999-99,Nintendo Switch,大和,2018/12/3,大和太郎,100－12,03-1234-5678,神奈川県川崎市123-45,川崎,333,ゲーム,不要,なし,-,-
133,持込み,済,160,1200,0070,123456789,112233,2000,2018/12/1,2018/12/2,済,贈り物,東京都大田区蒲田999-99,Nintendo Switch,大和,2018/12/3,大和太郎,100－12,03-1234-5678,神奈川県川崎市123-45,川崎,333,ゲーム,不要,なし,-,-
134,持込み,済,160,1200,0070,123456789,112233,2000,2018/12/1,2018/12/2,済,贈り物,東京都大田区蒲田999-99,Nintendo Switch,大和,2018/12/3,大和太郎,100－12,03-1234-5678,神奈川県川崎市123-45,川崎,333,ゲーム,不要,なし,-,-
135,持込み,済,160,1200,0070,123456789,112233,2000,2018/12/1,2018/12/2,済,贈り物,東京都大田区蒲田999-99,Nintendo Switch,大和,2018/12/3,大和太郎,100－12,03-1234-5678,神奈川県川崎市123-45,川崎,333,ゲーム,不要,なし,-,-
136,持込み,済,160,1200,0070,123456789,112233,2000,2018/12/1,2018/12/2,済,贈り物,東京都大田区蒲田999-99,Nintendo Switch,大和,2018/12/3,大和太郎,100－12,03-1234-5678,神奈川県川崎市123-45,川崎,333,ゲーム,不要,なし,-,-
137,持込み,済,160,1200,0070,123456789,112233,2000,2018/12/1,2018/12/2,済,贈り物,東京都大田区蒲田999-99,Nintendo Switch,大和,2018/12/3,大和太郎,100－12,03-1234-5678,神奈川県川崎市123-45,川崎,333,ゲーム,不要,なし,-,-
138,持込み,済,160,1200,0070,123456789,112233,2000,2018/12/1,2018/12/2,済,贈り物,東京都大田区蒲田999-99,Nintendo Switch,大和,2018/12/3,大和太郎,100－12,03-1234-5678,神奈川県川崎市123-45,川崎,333,ゲーム,不要,なし,-,-
139,持込み,済,160,1200,0070,123456789,112233,2000,2018/12/1,2018/12/2,済,贈り物,東京都大田区蒲田999-99,Nintendo Switch,大和,2018/12/3,大和太郎,100－12,03-1234-5678,神奈川県川崎市123-45,川崎,333,ゲーム,不要,なし,-,-
140,持込み,済,160,1200,0070,123456789,112233,2000,2018/12/1,2018/12/2,済,贈り物,東京都大田区蒲田999-99,Nintendo Switch,大和,2018/12/3,大和太郎,100－12,03-1234-5678,神奈川県川崎市123-45,川崎,333,ゲーム,不要,なし,-,-
141,持込み,済,160,1200,0070,123456789,112233,2000,2018/12/1,2018/12/2,済,贈り物,東京都大田区蒲田999-99,Nintendo Switch,大和,2018/12/3,大和太郎,100－12,03-1234-5678,神奈川県川崎市123-45,川崎,333,ゲーム,不要,なし,-,-
142,持込み,済,160,1200,0070,123456789,112233,2000,2018/12/1,2018/12/2,済,贈り物,東京都大田区蒲田999-99,Nintendo Switch,大和,2018/12/3,大和太郎,100－12,03-1234-5678,神奈川県川崎市123-45,川崎,333,ゲーム,不要,なし,-,-
143,持込み,済,160,1200,0070,123456789,112233,2000,2018/12/1,2018/12/2,済,贈り物,東京都大田区蒲田999-99,Nintendo Switch,大和,2018/12/3,大和太郎,100－12,03-1234-5678,神奈川県川崎市123-45,川崎,333,ゲーム,不要,なし,-,-
144,持込み,済,160,1200,0070,123456789,112233,2000,2018/12/1,2018/12/2,済,贈り物,東京都大田区蒲田999-99,Nintendo Switch,大和,2018/12/3,大和太郎,100－12,03-1234-5678,神奈川県川崎市123-45,川崎,333,ゲーム,不要,なし,-,-
145,持込み,済,160,1200,0070,123456789,112233,2000,2018/12/1,2018/12/2,済,贈り物,東京都大田区蒲田999-99,Nintendo Switch,大和,2018/12/3,大和太郎,100－12,03-1234-5678,神奈川県川崎市123-45,川崎,333,ゲーム,不要,なし,-,-
146,持込み,済,160,1200,0070,123456789,112233,2000,2018/12/1,2018/12/2,済,贈り物,東京都大田区蒲田999-99,Nintendo Switch,大和,2018/12/3,大和太郎,100－12,03-1234-5678,神奈川県川崎市123-45,川崎,333,ゲーム,不要,なし,-,-
147,持込み,済,160,1200,0070,123456789,112233,2000,2018/12/1,2018/12/2,済,贈り物,東京都大田区蒲田999-99,Nintendo Switch,大和,2018/12/3,大和太郎,100－12,03-1234-5678,神奈川県川崎市123-45,川崎,333,ゲーム,不要,なし,-,-
148,持込み,済,160,1200,0070,123456789,112233,2000,2018/12/1,2018/12/2,済,贈り物,東京都大田区蒲田999-99,Nintendo Switch,大和,2018/12/3,大和太郎,100－12,03-1234-5678,神奈川県川崎市123-45,川崎,333,ゲーム,不要,なし,-,-
149,持込み,済,160,1200,0070,123456789,112233,2000,2018/12/1,2018/12/2,済,贈り物,東京都大田区蒲田999-99,Nintendo Switch,大和,2018/12/3,大和太郎,100－12,03-1234-5678,神奈川県川崎市123-45,川崎,333,ゲーム,不要,なし,-,-
150,持込み,済,160,1200,0070,123456789,112233,2000,2018/12/1,2018/12/2,済,贈り物,東京都大田区蒲田999-99,Nintendo Switch,大和,2018/12/3,大和太郎,100－12,03-1234-5678,神奈川県川崎市123-45,川崎,333,ゲーム,不要,なし,-,-
151,持込み,済,160,1200,0070,123456789,112233,2000,2018/12/1,2018/12/2,済,贈り物,東京都大田区蒲田999-99,Nintendo Switch,大和,2018/12/3,大和太郎,100－12,03-1234-5678,神奈川県川崎市123-45,川崎,333,ゲーム,不要,なし,-,-
152,持込み,済,160,1200,0070,123456789,112233,2000,2018/12/1,2018/12/2,済,贈り物,東京都大田区蒲田999-99,Nintendo Switch,大和,2018/12/3,大和太郎,100－12,03-1234-5678,神奈川県川崎市123-45,川崎,333,ゲーム,不要,なし,-,-
153,持込み,済,160,1200,0070,123456789,112233,2000,2018/12/1,2018/12/2,済,贈り物,東京都大田区蒲田999-99,Nintendo Switch,大和,2018/12/3,大和太郎,100－12,03-1234-5678,神奈川県川崎市123-45,川崎,333,ゲーム,不要,なし,-,-
154,持込み,済,160,1200,0070,123456789,112233,2000,2018/12/1,2018/12/2,済,贈り物,東京都大田区蒲田999-99,Nintendo Switch,大和,2018/12/3,大和太郎,100－12,03-1234-5678,神奈川県川崎市123-45,川崎,333,ゲーム,不要,なし,-,-
155,持込み,済,160,1200,0070,123456789,112233,2000,2018/12/1,2018/12/2,済,贈り物,東京都大田区蒲田999-99,Nintendo Switch,大和,2018/12/3,大和太郎,100－12,03-1234-5678,神奈川県川崎市123-45,川崎,333,ゲーム,不要,なし,-,-
156,持込み,済,160,1200,0070,123456789,112233,2000,2018/12/1,2018/12/2,済,贈り物,東京都大田区蒲田999-99,Nintendo Switch,大和,2018/12/3,大和太郎,100－12,03-1234-5678,神奈川県川崎市123-45,川崎,333,ゲーム,不要,なし,-,-
157,持込み,済,160,1200,0070,123456789,112233,2000,2018/12/1,2018/12/2,済,贈り物,東京都大田区蒲田999-99,Nintendo Switch,大和,2018/12/3,大和太郎,100－12,03-1234-5678,神奈川県川崎市123-45,川崎,333,ゲーム,不要,なし,-,-
158,持込み,済,160,1200,0070,123456789,112233,2000,2018/12/1,2018/12/2,済,贈り物,東京都大田区蒲田999-99,Nintendo Switch,大和,2018/12/3,大和太郎,100－12,03-1234-5678,神奈川県川崎市123-45,川崎,333,ゲーム,不要,なし,-,-
159,持込み,済,160,1200,0070,123456789,112233,2000,2018/12/1,2018/12/2,済,贈り物,東京都大田区蒲田999-99,Nintendo Switch,大和,2018/12/3,大和太郎,100－12,03-1234-5678,神奈川県川崎市123-45,川崎,333,ゲーム,不要,なし,-,-
160,持込み,済,160,1200,0070,123456789,112233,2000,2018/12/1,2018/12/2,済,贈り物,東京都大田区蒲田999-99,Nintendo Switch,大和,2018/12/3,大和太郎,100－12,03-1234-5678,神奈川県川崎市123-45,川崎,333,ゲーム,不要,なし,-,-
161,持込み,済,160,1200,0070,123456789,112233,2000,2018/12/1,2018/12/2,済,贈り物,東京都大田区蒲田999-99,Nintendo Switch,大和,2018/12/3,大和太郎,100－12,03-1234-5678,神奈川県川崎市123-45,川崎,333,ゲーム,不要,なし,-,-
162,持込み,済,160,1200,0070,123456789,112233,2000,2018/12/1,2018/12/2,済,贈り物,東京都大田区蒲田999-99,Nintendo Switch,大和,2018/12/3,大和太郎,100－12,03-1234-5678,神奈川県川崎市123-45,川崎,333,ゲーム,不要,なし,-,-
163,持込み,済,160,1200,0070,123456789,112233,2000,2018/12/1,2018/12/2,済,贈り物,東京都大田区蒲田999-99,Nintendo Switch,大和,2018/12/3,大和太郎,100－12,03-1234-5678,神奈川県川崎市123-45,川崎,333,ゲーム,不要,なし,-,-
164,持込み,済,160,1200,0070,123456789,112233,2000,2018/12/1,2018/12/2,済,贈り物,東京都大田区蒲田999-99,Nintendo Switch,大和,2018/12/3,大和太郎,100－12,03-1234-5678,神奈川県川崎市123-45,川崎,333,ゲーム,不要,なし,-,-
165,持込み,済,160,1200,0070,123456789,112233,2000,2018/12/1,2018/12/2,済,贈り物,東京都大田区蒲田999-99,Nintendo Switch,大和,2018/12/3,大和太郎,100－12,03-1234-5678,神奈川県川崎市123-45,川崎,333,ゲーム,不要,なし,-,-
166,持込み,済,160,1200,0070,123456789,112233,2000,2018/12/1,2018/12/2,済,贈り物,東京都大田区蒲田999-99,Nintendo Switch,大和,2018/12/3,大和太郎,100－12,03-1234-5678,神奈川県川崎市123-45,川崎,333,ゲーム,不要,なし,-,-
167,持込み,済,160,1200,0070,123456789,112233,2000,2018/12/1,2018/12/2,済,贈り物,東京都大田区蒲田999-99,Nintendo Switch,大和,2018/12/3,大和太郎,100－12,03-1234-5678,神奈川県川崎市123-45,川崎,333,ゲーム,不要,なし,-,-
168,持込み,済,160,1200,0070,123456789,112233,2000,2018/12/1,2018/12/2,済,贈り物,東京都大田区蒲田999-99,Nintendo Switch,大和,2018/12/3,大和太郎,100－12,03-1234-5678,神奈川県川崎市123-45,川崎,333,ゲーム,不要,なし,-,-
169,持込み,済,160,1200,0070,123456789,112233,2000,2018/12/1,2018/12/2,済,贈り物,東京都大田区蒲田999-99,Nintendo Switch,大和,2018/12/3,大和太郎,100－12,03-1234-5678,神奈川県川崎市123-45,川崎,333,ゲーム,不要,なし,-,-
170,持込み,済,160,1200,0070,123456789,112233,2000,2018/12/1,2018/12/2,済,贈り物,東京都大田区蒲田999-99,Nintendo Switch,大和,2018/12/3,大和太郎,100－12,03-1234-5678,神奈川県川崎市123-45,川崎,333,ゲーム,不要,なし,-,-
171,持込み,済,160,1200,0070,123456789,112233,2000,2018/12/1,2018/12/2,済,贈り物,東京都大田区蒲田999-99,Nintendo Switch,大和,2018/12/3,大和太郎,100－12,03-1234-5678,神奈川県川崎市123-45,川崎,333,ゲーム,不要,なし,-,-
172,持込み,済,160,1200,0070,123456789,112233,2000,2018/12/1,2018/12/2,済,贈り物,東京都大田区蒲田999-99,Nintendo Switch,大和,2018/12/3,大和太郎,100－12,03-1234-5678,神奈川県川崎市123-45,川崎,333,ゲーム,不要,なし,-,-
173,持込み,済,160,1200,0070,123456789,112233,2000,2018/12/1,2018/12/2,済,贈り物,東京都大田区蒲田999-99,Nintendo Switch,大和,2018/12/3,大和太郎,100－12,03-1234-5678,神奈川県川崎市123-45,川崎,333,ゲーム,不要,なし,-,-
174,持込み,済,160,1200,0070,123456789,112233,2000,2018/12/1,2018/12/2,済,贈り物,東京都大田区蒲田999-99,Nintendo Switch,大和,2018/12/3,大和太郎,100－12,03-1234-5678,神奈川県川崎市123-45,川崎,333,ゲーム,不要,なし,-,-
175,持込み,済,160,1200,0070,123456789,112233,2000,2018/12/1,2018/12/2,済,贈り物,東京都大田区蒲田999-99,Nintendo Switch,大和,2018/12/3,大和太郎,100－12,03-1234-5678,神奈川県川崎市123-45,川崎,333,ゲーム,不要,なし,-,-
176,持込み,済,160,1200,0070,123456789,112233,2000,2018/12/1,2018/12/2,済,贈り物,東京都大田区蒲田999-99,Nintendo Switch,大和,2018/12/3,大和太郎,100－12,03-1234-5678,神奈川県川崎市123-45,川崎,333,ゲーム,不要,なし,-,-
177,持込み,済,160,1200,0070,123456789,112233,2000,2018/12/1,2018/12/2,済,贈り物,東京都大田区蒲田999-99,Nintendo Switch,大和,2018/12/3,大和太郎,100－12,03-1234-5678,神奈川県川崎市123-45,川崎,333,ゲーム,不要,なし,-,-
178,持込み,済,160,1200,0070,123456789,112233,2000,2018/12/1,2018/12/2,済,贈り物,東京都大田区蒲田999-99,Nintendo Switch,大和,2018/12/3,大和太郎,100－12,03-1234-5678,神奈川県川崎市123-45,川崎,333,ゲーム,不要,なし,-,-
179,持込み,済,160,1200,0070,123456789,112233,2000,2018/12/1,2018/12/2,済,贈り物,東京都大田区蒲田999-99,Nintendo Switch,大和,2018/12/3,大和太郎,100－12,03-1234-5678,神奈川県川崎市123-45,川崎,333,ゲーム,不要,なし,-,-
180,持込み,済,160,1200,0070,123456789,112233,2000,2018/12/1,2018/12/2,済,贈り物,東京都大田区蒲田999-99,Nintendo Switch,大和,2018/12/3,大和太郎,100－12,03-1234-5678,神奈川県川崎市123-45,川崎,333,ゲーム,不要,なし,-,-
181,持込み,済,160,1200,0070,123456789,112233,2000,2018/12/1,2018/12/2,済,贈り物,東京都大田区蒲田999-99,Nintendo Switch,大和,2018/12/3,大和太郎,100－12,03-1234-5678,神奈川県川崎市123-45,川崎,333,ゲーム,不要,なし,-,-
182,持込み,済,160,1200,0070,123456789,112233,2000,2018/12/1,2018/12/2,済,贈り物,東京都大田区蒲田999-99,Nintendo Switch,大和,2018/12/3,大和太郎,100－12,03-1234-5678,神奈川県川崎市123-45,川崎,333,ゲーム,不要,なし,-,-
183,持込み,済,160,1200,0070,123456789,112233,2000,2018/12/1,2018/12/2,済,贈り物,東京都大田区蒲田999-99,Nintendo Switch,大和,2018/12/3,大和太郎,100－12,03-1234-5678,神奈川県川崎市123-45,川崎,333,ゲーム,不要,なし,-,-
184,持込み,済,160,1200,0070,123456789,112233,2000,2018/12/1,2018/12/2,済,贈り物,東京都大田区蒲田999-99,Nintendo Switch,大和,2018/12/3,大和太郎,100－12,03-1234-5678,神奈川県川崎市123-45,川崎,333,ゲーム,不要,なし,-,-
185,持込み,済,160,1200,0070,123456789,112233,2000,2018/12/1,2018/12/2,済,贈り物,東京都大田区蒲田999-99,Nintendo Switch,大和,2018/12/3,大和太郎,100－12,03-1234-5678,神奈川県川崎市123-45,川崎,333,ゲーム,不要,なし,-,-
186,持込み,済,160,1200,0070,123456789,112233,2000,2018/12/1,2018/12/2,済,贈り物,東京都大田区蒲田999-99,Nintendo Switch,大和,2018/12/3,大和太郎,100－12,03-1234-5678,神奈川県川崎市123-45,川崎,333,ゲーム,不要,なし,-,-
187,持込み,済,160,1200,0070,123456789,112233,2000,2018/12/1,2018/12/2,済,贈り物,東京都大田区蒲田999-99,Nintendo Switch,大和,2018/12/3,大和太郎,100－12,03-1234-5678,神奈川県川崎市123-45,川崎,333,ゲーム,不要,なし,-,-
188,持込み,済,160,1200,0070,123456789,112233,2000,2018/12/1,2018/12/2,済,贈り物,東京都大田区蒲田999-99,Nintendo Switch,大和,2018/12/3,大和太郎,100－12,03-1234-5678,神奈川県川崎市123-45,川崎,333,ゲーム,不要,なし,-,-
189,持込み,済,160,1200,0070,123456789,112233,2000,2018/12/1,2018/12/2,済,贈り物,東京都大田区蒲田999-99,Nintendo Switch,大和,2018/12/3,大和太郎,100－12,03-1234-5678,神奈川県川崎市123-45,川崎,333,ゲーム,不要,なし,-,-
190,持込み,済,160,1200,0070,123456789,112233,2000,2018/12/1,2018/12/2,済,贈り物,東京都大田区蒲田999-99,Nintendo Switch,大和,2018/12/3,大和太郎,100－12,03-1234-5678,神奈川県川崎市123-45,川崎,333,ゲーム,不要,なし,-,-
191,持込み,済,160,1200,0070,123456789,112233,2000,2018/12/1,2018/12/2,済,贈り物,東京都大田区蒲田999-99,Nintendo Switch,大和,2018/12/3,大和太郎,100－12,03-1234-5678,神奈川県川崎市123-45,川崎,333,ゲーム,不要,なし,-,-
192,持込み,済,160,1200,0070,123456789,112233,2000,2018/12/1,2018/12/2,済,贈り物,東京都大田区蒲田999-99,Nintendo Switch,大和,2018/12/3,大和太郎,100－12,03-1234-5678,神奈川県川崎市123-45,川崎,333,ゲーム,不要,なし,-,-
193,持込み,済,160,1200,0070,123456789,112233,2000,2018/12/1,2018/12/2,済,贈り物,東京都大田区蒲田999-99,Nintendo Switch,大和,2018/12/3,大和太郎,100－12,03-1234-5678,神奈川県川崎市123-45,川崎,333,ゲーム,不要,なし,-,-
194,持込み,済,160,1200,0070,123456789,112233,2000,2018/12/1,2018/12/2,済,贈り物,東京都大田区蒲田999-99,Nintendo Switch,大和,2018/12/3,大和太郎,100－12,03-1234-5678,神奈川県川崎市123-45,川崎,333,ゲーム,不要,なし,-,-
195,持込み,済,160,1200,0070,123456789,112233,2000,2018/12/1,2018/12/2,済,贈り物,東京都大田区蒲田999-99,Nintendo Switch,大和,2018/12/3,大和太郎,100－12,03-1234-5678,神奈川県川崎市123-45,川崎,333,ゲーム,不要,なし,-,-
196,持込み,済,160,1200,0070,123456789,112233,2000,2018/12/1,2018/12/2,済,贈り物,東京都大田区蒲田999-99,Nintendo Switch,大和,2018/12/3,大和太郎,100－12,03-1234-5678,神奈川県川崎市123-45,川崎,333,ゲーム,不要,なし,-,-
197,持込み,済,160,1200,0070,123456789,112233,2000,2018/12/1,2018/12/2,済,贈り物,東京都大田区蒲田999-99,Nintendo Switch,大和,2018/12/3,大和太郎,100－12,03-1234-5678,神奈川県川崎市123-45,川崎,333,ゲーム,不要,なし,-,-
198,持込み,済,160,1200,0070,123456789,112233,2000,2018/12/1,2018/12/2,済,贈り物,東京都大田区蒲田999-99,Nintendo Switch,大和,2018/12/3,大和太郎,100－12,03-1234-5678,神奈川県川崎市123-45,川崎,333,ゲーム,不要,なし,-,-
199,持込み,済,160,1200,0070,123456789,112233,2000,2018/12/1,2018/12/2,済,贈り物,東京都大田区蒲田999-99,Nintendo Switch,大和,2018/12/3,大和太郎,100－12,03-1234-5678,神奈川県川崎市123-45,川崎,333,ゲーム,不要,なし,-,-
200,持込み,済,160,1200,0070,123456789,112233,2000,2018/12/1,2018/12/2,済,贈り物,東京都大田区蒲田999-99,Nintendo Switch,大和,2018/12/3,大和太郎,100－12,03-1234-5678,神奈川県川崎市123-45,川崎,333,ゲーム,不要,なし,-,-
201,持込み,済,160,1200,0070,123456789,112233,2000,2018/12/1,2018/12/2,済,贈り物,東京都大田区蒲田999-99,Nintendo Switch,大和,2018/12/3,大和太郎,100－12,03-1234-5678,神奈川県川崎市123-45,川崎,333,ゲーム,不要,なし,-,-
202,持込み,済,160,1200,0070,123456789,112233,2000,2018/12/1,2018/12/2,済,贈り物,東京都大田区蒲田999-99,Nintendo Switch,大和,2018/12/3,大和太郎,100－12,03-1234-5678,神奈川県川崎市123-45,川崎,333,ゲーム,不要,なし,-,-
203,持込み,済,160,1200,0070,123456789,112233,2000,2018/12/1,2018/12/2,済,贈り物,東京都大田区蒲田999-99,Nintendo Switch,大和,2018/12/3,大和太郎,100－12,03-1234-5678,神奈川県川崎市123-45,川崎,333,ゲーム,不要,なし,-,-
204,持込み,済,160,1200,0070,123456789,112233,2000,2018/12/1,2018/12/2,済,贈り物,東京都大田区蒲田999-99,Nintendo Switch,大和,2018/12/3,大和太郎,100－12,03-1234-5678,神奈川県川崎市123-45,川崎,333,ゲーム,不要,なし,-,-
205,持込み,済,160,1200,0070,123456789,112233,2000,2018/12/1,2018/12/2,済,贈り物,東京都大田区蒲田999-99,Nintendo Switch,大和,2018/12/3,大和太郎,100－12,03-1234-5678,神奈川県川崎市123-45,川崎,333,ゲーム,不要,なし,-,-
206,持込み,済,160,1200,0070,123456789,112233,2000,2018/12/1,2018/12/2,済,贈り物,東京都大田区蒲田999-99,Nintendo Switch,大和,2018/12/3,大和太郎,100－12,03-1234-5678,神奈川県川崎市123-45,川崎,333,ゲーム,不要,なし,-,-
207,持込み,済,160,1200,0070,123456789,112233,2000,2018/12/1,2018/12/2,済,贈り物,東京都大田区蒲田999-99,Nintendo Switch,大和,2018/12/3,大和太郎,100－12,03-1234-5678,神奈川県川崎市123-45,川崎,333,ゲーム,不要,なし,-,-
208,持込み,済,160,1200,0070,123456789,112233,2000,2018/12/1,2018/12/2,済,贈り物,東京都大田区蒲田999-99,Nintendo Switch,大和,2018/12/3,大和太郎,100－12,03-1234-5678,神奈川県川崎市123-45,川崎,333,ゲーム,不要,なし,-,-
209,持込み,済,160,1200,0070,123456789,112233,2000,2018/12/1,2018/12/2,済,贈り物,東京都大田区蒲田999-99,Nintendo Switch,大和,2018/12/3,大和太郎,100－12,03-1234-5678,神奈川県川崎市123-45,川崎,333,ゲーム,不要,なし,-,-
210,持込み,済,160,1200,0070,123456789,112233,2000,2018/12/1,2018/12/2,済,贈り物,東京都大田区蒲田999-99,Nintendo Switch,大和,2018/12/3,大和太郎,100－12,03-1234-5678,神奈川県川崎市123-45,川崎,333,ゲーム,不要,なし,-,-
211,持込み,済,160,1200,0070,123456789,112233,2000,2018/12/1,2018/12/2,済,贈り物,東京都大田区蒲田999-99,Nintendo Switch,大和,2018/12/3,大和太郎,100－12,03-1234-5678,神奈川県川崎市123-45,川崎,333,ゲーム,不要,なし,-,-
212,持込み,済,160,1200,0070,123456789,112233,2000,2018/12/1,2018/12/2,済,贈り物,東京都大田区蒲田999-99,Nintendo Switch,大和,2018/12/3,大和太郎,100－12,03-1234-5678,神奈川県川崎市123-45,川崎,333,ゲーム,不要,なし,-,-
213,持込み,済,160,1200,0070,123456789,112233,2000,2018/12/1,2018/12/2,済,贈り物,東京都大田区蒲田999-99,Nintendo Switch,大和,2018/12/3,大和太郎,100－12,03-1234-5678,神奈川県川崎市123-45,川崎,333,ゲーム,不要,なし,-,-
214,持込み,済,160,1200,0070,123456789,112233,2000,2018/12/1,2018/12/2,済,贈り物,東京都大田区蒲田999-99,Nintendo Switch,大和,2018/12/3,大和太郎,100－12,03-1234-5678,神奈川県川崎市123-45,川崎,333,ゲーム,不要,なし,-,-
215,持込み,済,160,1200,0070,123456789,112233,2000,2018/12/1,2018/12/2,済,贈り物,東京都大田区蒲田999-99,Nintendo Switch,大和,2018/12/3,大和太郎,100－12,03-1234-5678,神奈川県川崎市123-45,川崎,333,ゲーム,不要,なし,-,-
216,持込み,済,160,1200,0070,123456789,112233,2000,2018/12/1,2018/12/2,済,贈り物,東京都大田区蒲田999-99,Nintendo Switch,大和,2018/12/3,大和太郎,100－12,03-1234-5678,神奈川県川崎市123-45,川崎,333,ゲーム,不要,なし,-,-
217,持込み,済,160,1200,0070,123456789,112233,2000,2018/12/1,2018/12/2,済,贈り物,東京都大田区蒲田999-99,Nintendo Switch,大和,2018/12/3,大和太郎,100－12,03-1234-5678,神奈川県川崎市123-45,川崎,333,ゲーム,不要,なし,-,-
218,持込み,済,160,1200,0070,123456789,112233,2000,2018/12/1,2018/12/2,済,贈り物,東京都大田区蒲田999-99,Nintendo Switch,大和,2018/12/3,大和太郎,100－12,03-1234-5678,神奈川県川崎市123-45,川崎,333,ゲーム,不要,なし,-,-
219,持込み,済,160,1200,0070,123456789,112233,2000,2018/12/1,2018/12/2,済,贈り物,東京都大田区蒲田999-99,Nintendo Switch,大和,2018/12/3,大和太郎,100－12,03-1234-5678,神奈川県川崎市123-45,川崎,333,ゲーム,不要,なし,-,-
220,持込み,済,160,1200,0070,123456789,112233,2000,2018/12/1,2018/12/2,済,贈り物,東京都大田区蒲田999-99,Nintendo Switch,大和,2018/12/3,大和太郎,100－12,03-1234-5678,神奈川県川崎市123-45,川崎,333,ゲーム,不要,なし,-,-
221,持込み,済,160,1200,0070,123456789,112233,2000,2018/12/1,2018/12/2,済,贈り物,東京都大田区蒲田999-99,Nintendo Switch,大和,2018/12/3,大和太郎,100－12,03-1234-5678,神奈川県川崎市123-45,川崎,333,ゲーム,不要,なし,-,-
222,持込み,済,160,1200,0070,123456789,112233,2000,2018/12/1,2018/12/2,済,贈り物,東京都大田区蒲田999-99,Nintendo Switch,大和,2018/12/3,大和太郎,100－12,03-1234-5678,神奈川県川崎市123-45,川崎,333,ゲーム,不要,なし,-,-
223,持込み,済,160,1200,0070,123456789,112233,2000,2018/12/1,2018/12/2,済,贈り物,東京都大田区蒲田999-99,Nintendo Switch,大和,2018/12/3,大和太郎,100－12,03-1234-5678,神奈川県川崎市123-45,川崎,333,ゲーム,不要,なし,-,-
224,持込み,済,160,1200,0070,123456789,112233,2000,2018/12/1,2018/12/2,済,贈り物,東京都大田区蒲田999-99,Nintendo Switch,大和,2018/12/3,大和太郎,100－12,03-1234-5678,神奈川県川崎市123-45,川崎,333,ゲーム,不要,なし,-,-
225,持込み,済,160,1200,0070,123456789,112233,2000,2018/12/1,2018/12/2,済,贈り物,東京都大田区蒲田999-99,Nintendo Switch,大和,2018/12/3,大和太郎,100－12,03-1234-5678,神奈川県川崎市123-45,川崎,333,ゲーム,不要,なし,-,-
226,持込み,済,160,1200,0070,123456789,112233,2000,2018/12/1,2018/12/2,済,贈り物,東京都大田区蒲田999-99,Nintendo Switch,大和,2018/12/3,大和太郎,100－12,03-1234-5678,神奈川県川崎市123-45,川崎,333,ゲーム,不要,なし,-,-
227,持込み,済,160,1200,0070,123456789,112233,2000,2018/12/1,2018/12/2,済,贈り物,東京都大田区蒲田999-99,Nintendo Switch,大和,2018/12/3,大和太郎,100－12,03-1234-5678,神奈川県川崎市123-45,川崎,333,ゲーム,不要,なし,-,-
228,持込み,済,160,1200,0070,123456789,112233,2000,2018/12/1,2018/12/2,済,贈り物,東京都大田区蒲田999-99,Nintendo Switch,大和,2018/12/3,大和太郎,100－12,03-1234-5678,神奈川県川崎市123-45,川崎,333,ゲーム,不要,なし,-,-
229,持込み,済,160,1200,0070,123456789,112233,2000,2018/12/1,2018/12/2,済,贈り物,東京都大田区蒲田999-99,Nintendo Switch,大和,2018/12/3,大和太郎,100－12,03-1234-5678,神奈川県川崎市123-45,川崎,333,ゲーム,不要,なし,-,-
230,持込み,済,160,1200,0070,123456789,112233,2000,2018/12/1,2018/12/2,済,贈り物,東京都大田区蒲田999-99,Nintendo Switch,大和,2018/12/3,大和太郎,100－12,03-1234-5678,神奈川県川崎市123-45,川崎,333,ゲーム,不要,なし,-,-
231,持込み,済,160,1200,0070,123456789,112233,2000,2018/12/1,2018/12/2,済,贈り物,東京都大田区蒲田999-99,Nintendo Switch,大和,2018/12/3,大和太郎,100－12,03-1234-5678,神奈川県川崎市123-45,川崎,333,ゲーム,不要,なし,-,-
232,持込み,済,160,1200,0070,123456789,112233,2000,2018/12/1,2018/12/2,済,贈り物,東京都大田区蒲田999-99,Nintendo Switch,大和,2018/12/3,大和太郎,100－12,03-1234-5678,神奈川県川崎市123-45,川崎,333,ゲーム,不要,なし,-,-
233,持込み,済,160,1200,0070,123456789,112233,2000,2018/12/1,2018/12/2,済,贈り物,東京都大田区蒲田999-99,Nintendo Switch,大和,2018/12/3,大和太郎,100－12,03-1234-5678,神奈川県川崎市123-45,川崎,333,ゲーム,不要,なし,-,-
234,持込み,済,160,1200,0070,123456789,112233,2000,2018/12/1,2018/12/2,済,贈り物,東京都大田区蒲田999-99,Nintendo Switch,大和,2018/12/3,大和太郎,100－12,03-1234-5678,神奈川県川崎市123-45,川崎,333,ゲーム,不要,なし,-,-
235,持込み,済,160,1200,0070,123456789,112233,2000,2018/12/1,2018/12/2,済,贈り物,東京都大田区蒲田999-99,Nintendo Switch,大和,2018/12/3,大和太郎,100－12,03-1234-5678,神奈川県川崎市123-45,川崎,333,ゲーム,不要,なし,-,-
236,持込み,済,160,1200,0070,123456789,112233,2000,2018/12/1,2018/12/2,済,贈り物,東京都大田区蒲田999-99,Nintendo Switch,大和,2018/12/3,大和太郎,100－12,03-1234-5678,神奈川県川崎市123-45,川崎,333,ゲーム,不要,なし,-,-
237,持込み,済,160,1200,0070,123456789,112233,2000,2018/12/1,2018/12/2,済,贈り物,東京都大田区蒲田999-99,Nintendo Switch,大和,2018/12/3,大和太郎,100－12,03-1234-5678,神奈川県川崎市123-45,川崎,333,ゲーム,不要,なし,-,-
238,持込み,済,160,1200,0070,123456789,112233,2000,2018/12/1,2018/12/2,済,贈り物,東京都大田区蒲田999-99,Nintendo Switch,大和,2018/12/3,大和太郎,100－12,03-1234-5678,神奈川県川崎市123-45,川崎,333,ゲーム,不要,なし,-,-
239,持込み,済,160,1200,0070,123456789,112233,2000,2018/12/1,2018/12/2,済,贈り物,東京都大田区蒲田999-99,Nintendo Switch,大和,2018/12/3,大和太郎,100－12,03-1234-5678,神奈川県川崎市123-45,川崎,333,ゲーム,不要,なし,-,-
240,持込み,済,160,1200,0070,123456789,112233,2000,2018/12/1,2018/12/2,済,贈り物,東京都大田区蒲田999-99,Nintendo Switch,大和,2018/12/3,大和太郎,100－12,03-1234-5678,神奈川県川崎市123-45,川崎,333,ゲーム,不要,なし,-,-
241,持込み,済,160,1200,0070,123456789,112233,2000,2018/12/1,2018/12/2,済,贈り物,東京都大田区蒲田999-99,Nintendo Switch,大和,2018/12/3,大和太郎,100－12,03-1234-5678,神奈川県川崎市123-45,川崎,333,ゲーム,不要,なし,-,-
242,持込み,済,160,1200,0070,123456789,112233,2000,2018/12/1,2018/12/2,済,贈り物,東京都大田区蒲田999-99,Nintendo Switch,大和,2018/12/3,大和太郎,100－12,03-1234-5678,神奈川県川崎市123-45,川崎,333,ゲーム,不要,なし,-,-
243,持込み,済,160,1200,0070,123456789,112233,2000,2018/12/1,2018/12/2,済,贈り物,東京都大田区蒲田999-99,Nintendo Switch,大和,2018/12/3,大和太郎,100－12,03-1234-5678,神奈川県川崎市123-45,川崎,333,ゲーム,不要,なし,-,-
244,持込み,済,160,1200,0070,123456789,112233,2000,2018/12/1,2018/12/2,済,贈り物,東京都大田区蒲田999-99,Nintendo Switch,大和,2018/12/3,大和太郎,100－12,03-1234-5678,神奈川県川崎市123-45,川崎,333,ゲーム,不要,なし,-,-
245,持込み,済,160,1200,0070,123456789,112233,2000,2018/12/1,2018/12/2,済,贈り物,東京都大田区蒲田999-99,Nintendo Switch,大和,2018/12/3,大和太郎,100－12,03-1234-5678,神奈川県川崎市123-45,川崎,333,ゲーム,不要,なし,-,-
246,持込み,済,160,1200,0070,123456789,112233,2000,2018/12/1,2018/12/2,済,贈り物,東京都大田区蒲田999-99,Nintendo Switch,大和,2018/12/3,大和太郎,100－12,03-1234-5678,神奈川県川崎市123-45,川崎,333,ゲーム,不要,なし,-,-
247,持込み,済,160,1200,0070,123456789,112233,2000,2018/12/1,2018/12/2,済,贈り物,東京都大田区蒲田999-99,Nintendo Switch,大和,2018/12/3,大和太郎,100－12,03-1234-5678,神奈川県川崎市123-45,川崎,333,ゲーム,不要,なし,-,-
248,持込み,済,160,1200,0070,123456789,112233,2000,2018/12/1,2018/12/2,済,贈り物,東京都大田区蒲田999-99,Nintendo Switch,大和,2018/12/3,大和太郎,100－12,03-1234-5678,神奈川県川崎市123-45,川崎,333,ゲーム,不要,なし,-,-
249,持込み,済,160,1200,0070,123456789,112233,2000,2018/12/1,2018/12/2,済,贈り物,東京都大田区蒲田999-99,Nintendo Switch,大和,2018/12/3,大和太郎,100－12,03-1234-5678,神奈川県川崎市123-45,川崎,333,ゲーム,不要,なし,-,-
250,持込み,済,160,1200,0070,123456789,112233,2000,2018/12/1,2018/12/2,済,贈り物,東京都大田区蒲田999-99,Nintendo Switch,大和,2018/12/3,大和太郎,100－12,03-1234-5678,神奈川県川崎市123-45,川崎,333,ゲーム,不要,なし,-,-
251,持込み,済,160,1200,0070,123456789,112233,2000,2018/12/1,2018/12/2,済,贈り物,東京都大田区蒲田999-99,Nintendo Switch,大和,2018/12/3,大和太郎,100－12,03-1234-5678,神奈川県川崎市123-45,川崎,333,ゲーム,不要,なし,-,-
252,持込み,済,160,1200,0070,123456789,112233,2000,2018/12/1,2018/12/2,済,贈り物,東京都大田区蒲田999-99,Nintendo Switch,大和,2018/12/3,大和太郎,100－12,03-1234-5678,神奈川県川崎市123-45,川崎,333,ゲーム,不要,なし,-,-
253,持込み,済,160,1200,0070,123456789,112233,2000,2018/12/1,2018/12/2,済,贈り物,東京都大田区蒲田999-99,Nintendo Switch,大和,2018/12/3,大和太郎,100－12,03-1234-5678,神奈川県川崎市123-45,川崎,333,ゲーム,不要,なし,-,-
254,持込み,済,160,1200,0070,123456789,112233,2000,2018/12/1,2018/12/2,済,贈り物,東京都大田区蒲田999-99,Nintendo Switch,大和,2018/12/3,大和太郎,100－12,03-1234-5678,神奈川県川崎市123-45,川崎,333,ゲーム,不要,なし,-,-
255,持込み,済,160,1200,0070,123456789,112233,2000,2018/12/1,2018/12/2,済,贈り物,東京都大田区蒲田999-99,Nintendo Switch,大和,2018/12/3,大和太郎,100－12,03-1234-5678,神奈川県川崎市123-45,川崎,333,ゲーム,不要,なし,-,-
256,持込み,済,160,1200,0070,123456789,112233,2000,2018/12/1,2018/12/2,済,贈り物,東京都大田区蒲田999-99,Nintendo Switch,大和,2018/12/3,大和太郎,100－12,03-1234-5678,神奈川県川崎市123-45,川崎,333,ゲーム,不要,なし,-,-
257,持込み,済,160,1200,0070,123456789,112233,2000,2018/12/1,2018/12/2,済,贈り物,東京都大田区蒲田999-99,Nintendo Switch,大和,2018/12/3,大和太郎,100－12,03-1234-5678,神奈川県川崎市123-45,川崎,333,ゲーム,不要,なし,-,-
258,持込み,済,160,1200,0070,123456789,112233,2000,2018/12/1,2018/12/2,済,贈り物,東京都大田区蒲田999-99,Nintendo Switch,大和,2018/12/3,大和太郎,100－12,03-1234-5678,神奈川県川崎市123-45,川崎,333,ゲーム,不要,なし,-,-
259,持込み,済,160,1200,0070,123456789,112233,2000,2018/12/1,2018/12/2,済,贈り物,東京都大田区蒲田999-99,Nintendo Switch,大和,2018/12/3,大和太郎,100－12,03-1234-5678,神奈川県川崎市123-45,川崎,333,ゲーム,不要,なし,-,-
260,持込み,済,160,1200,0070,123456789,112233,2000,2018/12/1,2018/12/2,済,贈り物,東京都大田区蒲田999-99,Nintendo Switch,大和,2018/12/3,大和太郎,100－12,03-1234-5678,神奈川県川崎市123-45,川崎,333,ゲーム,不要,なし,-,-
261,持込み,済,160,1200,0070,123456789,112233,2000,2018/12/1,2018/12/2,済,贈り物,東京都大田区蒲田999-99,Nintendo Switch,大和,2018/12/3,大和太郎,100－12,03-1234-5678,神奈川県川崎市123-45,川崎,333,ゲーム,不要,なし,-,-
262,持込み,済,160,1200,0070,123456789,112233,2000,2018/12/1,2018/12/2,済,贈り物,東京都大田区蒲田999-99,Nintendo Switch,大和,2018/12/3,大和太郎,100－12,03-1234-5678,神奈川県川崎市123-45,川崎,333,ゲーム,不要,なし,-,-
263,持込み,済,160,1200,0070,123456789,112233,2000,2018/12/1,2018/12/2,済,贈り物,東京都大田区蒲田999-99,Nintendo Switch,大和,2018/12/3,大和太郎,100－12,03-1234-5678,神奈川県川崎市123-45,川崎,333,ゲーム,不要,なし,-,-
264,持込み,済,160,1200,0070,123456789,112233,2000,2018/12/1,2018/12/2,済,贈り物,東京都大田区蒲田999-99,Nintendo Switch,大和,2018/12/3,大和太郎,100－12,03-1234-5678,神奈川県川崎市123-45,川崎,333,ゲーム,不要,なし,-,-
265,持込み,済,160,1200,0070,123456789,112233,2000,2018/12/1,2018/12/2,済,贈り物,東京都大田区蒲田999-99,Nintendo Switch,大和,2018/12/3,大和太郎,100－12,03-1234-5678,神奈川県川崎市123-45,川崎,333,ゲーム,不要,なし,-,-
266,持込み,済,160,1200,0070,123456789,112233,2000,2018/12/1,2018/12/2,済,贈り物,東京都大田区蒲田999-99,Nintendo Switch,大和,2018/12/3,大和太郎,100－12,03-1234-5678,神奈川県川崎市123-45,川崎,333,ゲーム,不要,なし,-,-
267,持込み,済,160,1200,0070,123456789,112233,2000,2018/12/1,2018/12/2,済,贈り物,東京都大田区蒲田999-99,Nintendo Switch,大和,2018/12/3,大和太郎,100－12,03-1234-5678,神奈川県川崎市123-45,川崎,333,ゲーム,不要,なし,-,-
268,持込み,済,160,1200,0070,123456789,112233,2000,2018/12/1,2018/12/2,済,贈り物,東京都大田区蒲田999-99,Nintendo Switch,大和,2018/12/3,大和太郎,100－12,03-1234-5678,神奈川県川崎市123-45,川崎,333,ゲーム,不要,なし,-,-
269,持込み,済,160,1200,0070,123456789,112233,2000,2018/12/1,2018/12/2,済,贈り物,東京都大田区蒲田999-99,Nintendo Switch,大和,2018/12/3,大和太郎,100－12,03-1234-5678,神奈川県川崎市123-45,川崎,333,ゲーム,不要,なし,-,-
270,持込み,済,160,1200,0070,123456789,112233,2000,2018/12/1,2018/12/2,済,贈り物,東京都大田区蒲田999-99,Nintendo Switch,大和,2018/12/3,大和太郎,100－12,03-1234-5678,神奈川県川崎市123-45,川崎,333,ゲーム,不要,なし,-,-
271,持込み,済,160,1200,0070,123456789,112233,2000,2018/12/1,2018/12/2,済,贈り物,東京都大田区蒲田999-99,Nintendo Switch,大和,2018/12/3,大和太郎,100－12,03-1234-5678,神奈川県川崎市123-45,川崎,333,ゲーム,不要,なし,-,-
272,持込み,済,160,1200,0070,123456789,112233,2000,2018/12/1,2018/12/2,済,贈り物,東京都大田区蒲田999-99,Nintendo Switch,大和,2018/12/3,大和太郎,100－12,03-1234-5678,神奈川県川崎市123-45,川崎,333,ゲーム,不要,なし,-,-
273,持込み,済,160,1200,0070,123456789,112233,2000,2018/12/1,2018/12/2,済,贈り物,東京都大田区蒲田999-99,Nintendo Switch,大和,2018/12/3,大和太郎,100－12,03-1234-5678,神奈川県川崎市123-45,川崎,333,ゲーム,不要,なし,-,-
274,持込み,済,160,1200,0070,123456789,112233,2000,2018/12/1,2018/12/2,済,贈り物,東京都大田区蒲田999-99,Nintendo Switch,大和,2018/12/3,大和太郎,100－12,03-1234-5678,神奈川県川崎市123-45,川崎,333,ゲーム,不要,なし,-,-
275,持込み,済,160,1200,0070,123456789,112233,2000,2018/12/1,2018/12/2,済,贈り物,東京都大田区蒲田999-99,Nintendo Switch,大和,2018/12/3,大和太郎,100－12,03-1234-5678,神奈川県川崎市123-45,川崎,333,ゲーム,不要,なし,-,-
276,持込み,済,160,1200,0070,123456789,112233,2000,2018/12/1,2018/12/2,済,贈り物,東京都大田区蒲田999-99,Nintendo Switch,大和,2018/12/3,大和太郎,100－12,03-1234-5678,神奈川県川崎市123-45,川崎,333,ゲーム,不要,なし,-,-
277,持込み,済,160,1200,0070,123456789,112233,2000,2018/12/1,2018/12/2,済,贈り物,東京都大田区蒲田999-99,Nintendo Switch,大和,2018/12/3,大和太郎,100－12,03-1234-5678,神奈川県川崎市123-45,川崎,333,ゲーム,不要,なし,-,-
278,持込み,済,160,1200,0070,123456789,112233,2000,2018/12/1,2018/12/2,済,贈り物,東京都大田区蒲田999-99,Nintendo Switch,大和,2018/12/3,大和太郎,100－12,03-1234-5678,神奈川県川崎市123-45,川崎,333,ゲーム,不要,なし,-,-
279,持込み,済,160,1200,0070,123456789,112233,2000,2018/12/1,2018/12/2,済,贈り物,東京都大田区蒲田999-99,Nintendo Switch,大和,2018/12/3,大和太郎,100－12,03-1234-5678,神奈川県川崎市123-45,川崎,333,ゲーム,不要,なし,-,-
280,持込み,済,160,1200,0070,123456789,112233,2000,2018/12/1,2018/12/2,済,贈り物,東京都大田区蒲田999-99,Nintendo Switch,大和,2018/12/3,大和太郎,100－12,03-1234-5678,神奈川県川崎市123-45,川崎,333,ゲーム,不要,なし,-,-
281,持込み,済,160,1200,0070,123456789,112233,2000,2018/12/1,2018/12/2,済,贈り物,東京都大田区蒲田999-99,Nintendo Switch,大和,2018/12/3,大和太郎,100－12,03-1234-5678,神奈川県川崎市123-45,川崎,333,ゲーム,不要,なし,-,-
282,持込み,済,160,1200,0070,123456789,112233,2000,2018/12/1,2018/12/2,済,贈り物,東京都大田区蒲田999-99,Nintendo Switch,大和,2018/12/3,大和太郎,100－12,03-1234-5678,神奈川県川崎市123-45,川崎,333,ゲーム,不要,なし,-,-
283,持込み,済,160,1200,0070,123456789,112233,2000,2018/12/1,2018/12/2,済,贈り物,東京都大田区蒲田999-99,Nintendo Switch,大和,2018/12/3,大和太郎,100－12,03-1234-5678,神奈川県川崎市123-45,川崎,333,ゲーム,不要,なし,-,-
284,持込み,済,160,1200,0070,123456789,112233,2000,2018/12/1,2018/12/2,済,贈り物,東京都大田区蒲田999-99,Nintendo Switch,大和,2018/12/3,大和太郎,100－12,03-1234-5678,神奈川県川崎市123-45,川崎,333,ゲーム,不要,なし,-,-
285,持込み,済,160,1200,0070,123456789,112233,2000,2018/12/1,2018/12/2,済,贈り物,東京都大田区蒲田999-99,Nintendo Switch,大和,2018/12/3,大和太郎,100－12,03-1234-5678,神奈川県川崎市123-45,川崎,333,ゲーム,不要,なし,-,-
286,持込み,済,160,1200,0070,123456789,112233,2000,2018/12/1,2018/12/2,済,贈り物,東京都大田区蒲田999-99,Nintendo Switch,大和,2018/12/3,大和太郎,100－12,03-1234-5678,神奈川県川崎市123-45,川崎,333,ゲーム,不要,なし,-,-
287,持込み,済,160,1200,0070,123456789,112233,2000,2018/12/1,2018/12/2,済,贈り物,東京都大田区蒲田999-99,Nintendo Switch,大和,2018/12/3,大和太郎,100－12,03-1234-5678,神奈川県川崎市123-45,川崎,333,ゲーム,不要,なし,-,-
288,持込み,済,160,1200,0070,123456789,112233,2000,2018/12/1,2018/12/2,済,贈り物,東京都大田区蒲田999-99,Nintendo Switch,大和,2018/12/3,大和太郎,100－12,03-1234-5678,神奈川県川崎市123-45,川崎,333,ゲーム,不要,なし,-,-
289,持込み,済,160,1200,0070,123456789,112233,2000,2018/12/1,2018/12/2,済,贈り物,東京都大田区蒲田999-99,Nintendo Switch,大和,2018/12/3,大和太郎,100－12,03-1234-5678,神奈川県川崎市123-45,川崎,333,ゲーム,不要,なし,-,-
290,持込み,済,160,1200,0070,123456789,112233,2000,2018/12/1,2018/12/2,済,贈り物,東京都大田区蒲田999-99,Nintendo Switch,大和,2018/12/3,大和太郎,100－12,03-1234-5678,神奈川県川崎市123-45,川崎,333,ゲーム,不要,なし,-,-
291,持込み,済,160,1200,0070,123456789,112233,2000,2018/12/1,2018/12/2,済,贈り物,東京都大田区蒲田999-99,Nintendo Switch,大和,2018/12/3,大和太郎,100－12,03-1234-5678,神奈川県川崎市123-45,川崎,333,ゲーム,不要,なし,-,-
292,持込み,済,160,1200,0070,123456789,112233,2000,2018/12/1,2018/12/2,済,贈り物,東京都大田区蒲田999-99,Nintendo Switch,大和,2018/12/3,大和太郎,100－12,03-1234-5678,神奈川県川崎市123-45,川崎,333,ゲーム,不要,なし,-,-
293,持込み,済,160,1200,0070,123456789,112233,2000,2018/12/1,2018/12/2,済,贈り物,東京都大田区蒲田999-99,Nintendo Switch,大和,2018/12/3,大和太郎,100－12,03-1234-5678,神奈川県川崎市123-45,川崎,333,ゲーム,不要,なし,-,-
294,持込み,済,160,1200,0070,123456789,112233,2000,2018/12/1,2018/12/2,済,贈り物,東京都大田区蒲田999-99,Nintendo Switch,大和,2018/12/3,大和太郎,100－12,03-1234-5678,神奈川県川崎市123-45,川崎,333,ゲーム,不要,なし,-,-
295,持込み,済,160,1200,0070,123456789,112233,2000,2018/12/1,2018/12/2,済,贈り物,東京都大田区蒲田999-99,Nintendo Switch,大和,2018/12/3,大和太郎,100－12,03-1234-5678,神奈川県川崎市123-45,川崎,333,ゲーム,不要,なし,-,-
296,持込み,済,160,1200,0070,123456789,112233,2000,2018/12/1,2018/12/2,済,贈り物,東京都大田区蒲田999-99,Nintendo Switch,大和,2018/12/3,大和太郎,100－12,03-1234-5678,神奈川県川崎市123-45,川崎,333,ゲーム,不要,なし,-,-
297,持込み,済,160,1200,0070,123456789,112233,2000,2018/12/1,2018/12/2,済,贈り物,東京都大田区蒲田999-99,Nintendo Switch,大和,2018/12/3,大和太郎,100－12,03-1234-5678,神奈川県川崎市123-45,川崎,333,ゲーム,不要,なし,-,-
298,持込み,済,160,1200,0070,123456789,112233,2000,2018/12/1,2018/12/2,済,贈り物,東京都大田区蒲田999-99,Nintendo Switch,大和,2018/12/3,大和太郎,100－12,03-1234-5678,神奈川県川崎市123-45,川崎,333,ゲーム,不要,なし,-,-
299,持込み,済,160,1200,0070,123456789,112233,2000,2018/12/1,2018/12/2,済,贈り物,東京都大田区蒲田999-99,Nintendo Switch,大和,2018/12/3,大和太郎,100－12,03-1234-5678,神奈川県川崎市123-45,川崎,333,ゲーム,不要,なし,-,-
300,持込み,済,160,1200,0070,123456789,112233,2000,2018/12/1,2018/12/2,済,贈り物,東京都大田区蒲田999-99,Nintendo Switch,大和,2018/12/3,大和太郎,100－12,03-1234-5678,神奈川県川崎市123-45,川崎,333,ゲーム,不要,なし,-,-
301,持込み,済,160,1200,0070,123456789,112233,2000,2018/12/1,2018/12/2,済,贈り物,東京都大田区蒲田999-99,Nintendo Switch,大和,2018/12/3,大和太郎,100－12,03-1234-5678,神奈川県川崎市123-45,川崎,333,ゲーム,不要,なし,-,-
302,持込み,済,160,1200,0070,123456789,112233,2000,2018/12/1,2018/12/2,済,贈り物,東京都大田区蒲田999-99,Nintendo Switch,大和,2018/12/3,大和太郎,100－12,03-1234-5678,神奈川県川崎市123-45,川崎,333,ゲーム,不要,なし,-,-
303,持込み,済,160,1200,0070,123456789,112233,2000,2018/12/1,2018/12/2,済,贈り物,東京都大田区蒲田999-99,Nintendo Switch,大和,2018/12/3,大和太郎,100－12,03-1234-5678,神奈川県川崎市123-45,川崎,333,ゲーム,不要,なし,-,-
304,持込み,済,160,1200,0070,123456789,112233,2000,2018/12/1,2018/12/2,済,贈り物,東京都大田区蒲田999-99,Nintendo Switch,大和,2018/12/3,大和太郎,100－12,03-1234-5678,神奈川県川崎市123-45,川崎,333,ゲーム,不要,なし,-,-
305,持込み,済,160,1200,0070,123456789,112233,2000,2018/12/1,2018/12/2,済,贈り物,東京都大田区蒲田999-99,Nintendo Switch,大和,2018/12/3,大和太郎,100－12,03-1234-5678,神奈川県川崎市123-45,川崎,333,ゲーム,不要,なし,-,-
306,持込み,済,160,1200,0070,123456789,112233,2000,2018/12/1,2018/12/2,済,贈り物,東京都大田区蒲田999-99,Nintendo Switch,大和,2018/12/3,大和太郎,100－12,03-1234-5678,神奈川県川崎市123-45,川崎,333,ゲーム,不要,なし,-,-
307,持込み,済,160,1200,0070,123456789,112233,2000,2018/12/1,2018/12/2,済,贈り物,東京都大田区蒲田999-99,Nintendo Switch,大和,2018/12/3,大和太郎,100－12,03-1234-5678,神奈川県川崎市123-45,川崎,333,ゲーム,不要,なし,-,-
308,持込み,済,160,1200,0070,123456789,112233,2000,2018/12/1,2018/12/2,済,贈り物,東京都大田区蒲田999-99,Nintendo Switch,大和,2018/12/3,大和太郎,100－12,03-1234-5678,神奈川県川崎市123-45,川崎,333,ゲーム,不要,なし,-,-
309,持込み,済,160,1200,0070,123456789,112233,2000,2018/12/1,2018/12/2,済,贈り物,東京都大田区蒲田999-99,Nintendo Switch,大和,2018/12/3,大和太郎,100－12,03-1234-5678,神奈川県川崎市123-45,川崎,333,ゲーム,不要,なし,-,-
310,持込み,済,160,1200,0070,123456789,112233,2000,2018/12/1,2018/12/2,済,贈り物,東京都大田区蒲田999-99,Nintendo Switch,大和,2018/12/3,大和太郎,100－12,03-1234-5678,神奈川県川崎市123-45,川崎,333,ゲーム,不要,なし,-,-
311,持込み,済,160,1200,0070,123456789,112233,2000,2018/12/1,2018/12/2,済,贈り物,東京都大田区蒲田999-99,Nintendo Switch,大和,2018/12/3,大和太郎,100－12,03-1234-5678,神奈川県川崎市123-45,川崎,333,ゲーム,不要,なし,-,-
312,持込み,済,160,1200,0070,123456789,112233,2000,2018/12/1,2018/12/2,済,贈り物,東京都大田区蒲田999-99,Nintendo Switch,大和,2018/12/3,大和太郎,100－12,03-1234-5678,神奈川県川崎市123-45,川崎,333,ゲーム,不要,なし,-,-
313,持込み,済,160,1200,0070,123456789,112233,2000,2018/12/1,2018/12/2,済,贈り物,東京都大田区蒲田999-99,Nintendo Switch,大和,2018/12/3,大和太郎,100－12,03-1234-5678,神奈川県川崎市123-45,川崎,333,ゲーム,不要,なし,-,-
314,持込み,済,160,1200,0070,123456789,112233,2000,2018/12/1,2018/12/2,済,贈り物,東京都大田区蒲田999-99,Nintendo Switch,大和,2018/12/3,大和太郎,100－12,03-1234-5678,神奈川県川崎市123-45,川崎,333,ゲーム,不要,なし,-,-
315,持込み,済,160,1200,0070,123456789,112233,2000,2018/12/1,2018/12/2,済,贈り物,東京都大田区蒲田999-99,Nintendo Switch,大和,2018/12/3,大和太郎,100－12,03-1234-5678,神奈川県川崎市123-45,川崎,333,ゲーム,不要,なし,-,-
316,持込み,済,160,1200,0070,123456789,112233,2000,2018/12/1,2018/12/2,済,贈り物,東京都大田区蒲田999-99,Nintendo Switch,大和,2018/12/3,大和太郎,100－12,03-1234-5678,神奈川県川崎市123-45,川崎,333,ゲーム,不要,なし,-,-
317,持込み,済,160,1200,0070,123456789,112233,2000,2018/12/1,2018/12/2,済,贈り物,東京都大田区蒲田999-99,Nintendo Switch,大和,2018/12/3,大和太郎,100－12,03-1234-5678,神奈川県川崎市123-45,川崎,333,ゲーム,不要,なし,-,-
318,持込み,済,160,1200,0070,123456789,112233,2000,2018/12/1,2018/12/2,済,贈り物,東京都大田区蒲田999-99,Nintendo Switch,大和,2018/12/3,大和太郎,100－12,03-1234-5678,神奈川県川崎市123-45,川崎,333,ゲーム,不要,なし,-,-
319,持込み,済,160,1200,0070,123456789,112233,2000,2018/12/1,2018/12/2,済,贈り物,東京都大田区蒲田999-99,Nintendo Switch,大和,2018/12/3,大和太郎,100－12,03-1234-5678,神奈川県川崎市123-45,川崎,333,ゲーム,不要,なし,-,-
320,持込み,済,160,1200,0070,123456789,112233,2000,2018/12/1,2018/12/2,済,贈り物,東京都大田区蒲田999-99,Nintendo Switch,大和,2018/12/3,大和太郎,100－12,03-1234-5678,神奈川県川崎市123-45,川崎,333,ゲーム,不要,なし,-,-
321,持込み,済,160,1200,0070,123456789,112233,2000,2018/12/1,2018/12/2,済,贈り物,東京都大田区蒲田999-99,Nintendo Switch,大和,2018/12/3,大和太郎,100－12,03-1234-5678,神奈川県川崎市123-45,川崎,333,ゲーム,不要,なし,-,-
322,持込み,済,160,1200,0070,123456789,112233,2000,2018/12/1,2018/12/2,済,贈り物,東京都大田区蒲田999-99,Nintendo Switch,大和,2018/12/3,大和太郎,100－12,03-1234-5678,神奈川県川崎市123-45,川崎,333,ゲーム,不要,なし,-,-
323,持込み,済,160,1200,0070,123456789,112233,2000,2018/12/1,2018/12/2,済,贈り物,東京都大田区蒲田999-99,Nintendo Switch,大和,2018/12/3,大和太郎,100－12,03-1234-5678,神奈川県川崎市123-45,川崎,333,ゲーム,不要,なし,-,-
324,持込み,済,160,1200,0070,123456789,112233,2000,2018/12/1,2018/12/2,済,贈り物,東京都大田区蒲田999-99,Nintendo Switch,大和,2018/12/3,大和太郎,100－12,03-1234-5678,神奈川県川崎市123-45,川崎,333,ゲーム,不要,なし,-,-
325,持込み,済,160,1200,0070,123456789,112233,2000,2018/12/1,2018/12/2,済,贈り物,東京都大田区蒲田999-99,Nintendo Switch,大和,2018/12/3,大和太郎,100－12,03-1234-5678,神奈川県川崎市123-45,川崎,333,ゲーム,不要,なし,-,-
326,持込み,済,160,1200,0070,123456789,112233,2000,2018/12/1,2018/12/2,済,贈り物,東京都大田区蒲田999-99,Nintendo Switch,大和,2018/12/3,大和太郎,100－12,03-1234-5678,神奈川県川崎市123-45,川崎,333,ゲーム,不要,なし,-,-
327,持込み,済,160,1200,0070,123456789,112233,2000,2018/12/1,2018/12/2,済,贈り物,東京都大田区蒲田999-99,Nintendo Switch,大和,2018/12/3,大和太郎,100－12,03-1234-5678,神奈川県川崎市123-45,川崎,333,ゲーム,不要,なし,-,-
328,持込み,済,160,1200,0070,123456789,112233,2000,2018/12/1,2018/12/2,済,贈り物,東京都大田区蒲田999-99,Nintendo Switch,大和,2018/12/3,大和太郎,100－12,03-1234-5678,神奈川県川崎市123-45,川崎,333,ゲーム,不要,なし,-,-
329,持込み,済,160,1200,0070,123456789,112233,2000,2018/12/1,2018/12/2,済,贈り物,東京都大田区蒲田999-99,Nintendo Switch,大和,2018/12/3,大和太郎,100－12,03-1234-5678,神奈川県川崎市123-45,川崎,333,ゲーム,不要,なし,-,-
330,持込み,済,160,1200,0070,123456789,112233,2000,2018/12/1,2018/12/2,済,贈り物,東京都大田区蒲田999-99,Nintendo Switch,大和,2018/12/3,大和太郎,100－12,03-1234-5678,神奈川県川崎市123-45,川崎,333,ゲーム,不要,なし,-,-
331,持込み,済,160,1200,0070,123456789,112233,2000,2018/12/1,2018/12/2,済,贈り物,東京都大田区蒲田999-99,Nintendo Switch,大和,2018/12/3,大和太郎,100－12,03-1234-5678,神奈川県川崎市123-45,川崎,333,ゲーム,不要,なし,-,-
332,持込み,済,160,1200,0070,123456789,112233,2000,2018/12/1,2018/12/2,済,贈り物,東京都大田区蒲田999-99,Nintendo Switch,大和,2018/12/3,大和太郎,100－12,03-1234-5678,神奈川県川崎市123-45,川崎,333,ゲーム,不要,なし,-,-
333,持込み,済,160,1200,0070,123456789,112233,2000,2018/12/1,2018/12/2,済,贈り物,東京都大田区蒲田999-99,Nintendo Switch,大和,2018/12/3,大和太郎,100－12,03-1234-5678,神奈川県川崎市123-45,川崎,333,ゲーム,不要,なし,-,-
334,持込み,済,160,1200,0070,123456789,112233,2000,2018/12/1,2018/12/2,済,贈り物,東京都大田区蒲田999-99,Nintendo Switch,大和,2018/12/3,大和太郎,100－12,03-1234-5678,神奈川県川崎市123-45,川崎,333,ゲーム,不要,なし,-,-
335,持込み,済,160,1200,0070,123456789,112233,2000,2018/12/1,2018/12/2,済,贈り物,東京都大田区蒲田999-99,Nintendo Switch,大和,2018/12/3,大和太郎,100－12,03-1234-5678,神奈川県川崎市123-45,川崎,333,ゲーム,不要,なし,-,-
336,持込み,済,160,1200,0070,123456789,112233,2000,2018/12/1,2018/12/2,済,贈り物,東京都大田区蒲田999-99,Nintendo Switch,大和,2018/12/3,大和太郎,100－12,03-1234-5678,神奈川県川崎市123-45,川崎,333,ゲーム,不要,なし,-,-
337,持込み,済,160,1200,0070,123456789,112233,2000,2018/12/1,2018/12/2,済,贈り物,東京都大田区蒲田999-99,Nintendo Switch,大和,2018/12/3,大和太郎,100－12,03-1234-5678,神奈川県川崎市123-45,川崎,333,ゲーム,不要,なし,-,-
338,持込み,済,160,1200,0070,123456789,112233,2000,2018/12/1,2018/12/2,済,贈り物,東京都大田区蒲田999-99,Nintendo Switch,大和,2018/12/3,大和太郎,100－12,03-1234-5678,神奈川県川崎市123-45,川崎,333,ゲーム,不要,なし,-,-
339,持込み,済,160,1200,0070,123456789,112233,2000,2018/12/1,2018/12/2,済,贈り物,東京都大田区蒲田999-99,Nintendo Switch,大和,2018/12/3,大和太郎,100－12,03-1234-5678,神奈川県川崎市123-45,川崎,333,ゲーム,不要,なし,-,-
340,持込み,済,160,1200,0070,123456789,112233,2000,2018/12/1,2018/12/2,済,贈り物,東京都大田区蒲田999-99,Nintendo Switch,大和,2018/12/3,大和太郎,100－12,03-1234-5678,神奈川県川崎市123-45,川崎,333,ゲーム,不要,なし,-,-
341,持込み,済,160,1200,0070,123456789,112233,2000,2018/12/1,2018/12/2,済,贈り物,東京都大田区蒲田999-99,Nintendo Switch,大和,2018/12/3,大和太郎,100－12,03-1234-5678,神奈川県川崎市123-45,川崎,333,ゲーム,不要,なし,-,-
342,持込み,済,160,1200,0070,123456789,112233,2000,2018/12/1,2018/12/2,済,贈り物,東京都大田区蒲田999-99,Nintendo Switch,大和,2018/12/3,大和太郎,100－12,03-1234-5678,神奈川県川崎市123-45,川崎,333,ゲーム,不要,なし,-,-
343,持込み,済,160,1200,0070,123456789,112233,2000,2018/12/1,2018/12/2,済,贈り物,東京都大田区蒲田999-99,Nintendo Switch,大和,2018/12/3,大和太郎,100－12,03-1234-5678,神奈川県川崎市123-45,川崎,333,ゲーム,不要,なし,-,-
344,持込み,済,160,1200,0070,123456789,112233,2000,2018/12/1,2018/12/2,済,贈り物,東京都大田区蒲田999-99,Nintendo Switch,大和,2018/12/3,大和太郎,100－12,03-1234-5678,神奈川県川崎市123-45,川崎,333,ゲーム,不要,なし,-,-
345,持込み,済,160,1200,0070,123456789,112233,2000,2018/12/1,2018/12/2,済,贈り物,東京都大田区蒲田999-99,Nintendo Switch,大和,2018/12/3,大和太郎,100－12,03-1234-5678,神奈川県川崎市123-45,川崎,333,ゲーム,不要,なし,-,-
346,持込み,済,160,1200,0070,123456789,112233,2000,2018/12/1,2018/12/2,済,贈り物,東京都大田区蒲田999-99,Nintendo Switch,大和,2018/12/3,大和太郎,100－12,03-1234-5678,神奈川県川崎市123-45,川崎,333,ゲーム,不要,なし,-,-
347,持込み,済,160,1200,0070,123456789,112233,2000,2018/12/1,2018/12/2,済,贈り物,東京都大田区蒲田999-99,Nintendo Switch,大和,2018/12/3,大和太郎,100－12,03-1234-5678,神奈川県川崎市123-45,川崎,333,ゲーム,不要,なし,-,-
348,持込み,済,160,1200,0070,123456789,112233,2000,2018/12/1,2018/12/2,済,贈り物,東京都大田区蒲田999-99,Nintendo Switch,大和,2018/12/3,大和太郎,100－12,03-1234-5678,神奈川県川崎市123-45,川崎,333,ゲーム,不要,なし,-,-
349,持込み,済,160,1200,0070,123456789,112233,2000,2018/12/1,2018/12/2,済,贈り物,東京都大田区蒲田999-99,Nintendo Switch,大和,2018/12/3,大和太郎,100－12,03-1234-5678,神奈川県川崎市123-45,川崎,333,ゲーム,不要,なし,-,-
350,持込み,済,160,1200,0070,123456789,112233,2000,2018/12/1,2018/12/2,済,贈り物,東京都大田区蒲田999-99,Nintendo Switch,大和,2018/12/3,大和太郎,100－12,03-1234-5678,神奈川県川崎市123-45,川崎,333,ゲーム,不要,なし,-,-
351,持込み,済,160,1200,0070,123456789,112233,2000,2018/12/1,2018/12/2,済,贈り物,東京都大田区蒲田999-99,Nintendo Switch,大和,2018/12/3,大和太郎,100－12,03-1234-5678,神奈川県川崎市123-45,川崎,333,ゲーム,不要,なし,-,-
352,持込み,済,160,1200,0070,123456789,112233,2000,2018/12/1,2018/12/2,済,贈り物,東京都大田区蒲田999-99,Nintendo Switch,大和,2018/12/3,大和太郎,100－12,03-1234-5678,神奈川県川崎市123-45,川崎,333,ゲーム,不要,なし,-,-
353,持込み,済,160,1200,0070,123456789,112233,2000,2018/12/1,2018/12/2,済,贈り物,東京都大田区蒲田999-99,Nintendo Switch,大和,2018/12/3,大和太郎,100－12,03-1234-5678,神奈川県川崎市123-45,川崎,333,ゲーム,不要,なし,-,-
354,持込み,済,160,1200,0070,123456789,112233,2000,2018/12/1,2018/12/2,済,贈り物,東京都大田区蒲田999-99,Nintendo Switch,大和,2018/12/3,大和太郎,100－12,03-1234-5678,神奈川県川崎市123-45,川崎,333,ゲーム,不要,なし,-,-
355,持込み,済,160,1200,0070,123456789,112233,2000,2018/12/1,2018/12/2,済,贈り物,東京都大田区蒲田999-99,Nintendo Switch,大和,2018/12/3,大和太郎,100－12,03-1234-5678,神奈川県川崎市123-45,川崎,333,ゲーム,不要,なし,-,-
356,持込み,済,160,1200,0070,123456789,112233,2000,2018/12/1,2018/12/2,済,贈り物,東京都大田区蒲田999-99,Nintendo Switch,大和,2018/12/3,大和太郎,100－12,03-1234-5678,神奈川県川崎市123-45,川崎,333,ゲーム,不要,なし,-,-
357,持込み,済,160,1200,0070,123456789,112233,2000,2018/12/1,2018/12/2,済,贈り物,東京都大田区蒲田999-99,Nintendo Switch,大和,2018/12/3,大和太郎,100－12,03-1234-5678,神奈川県川崎市123-45,川崎,333,ゲーム,不要,なし,-,-
358,持込み,済,160,1200,0070,123456789,112233,2000,2018/12/1,2018/12/2,済,贈り物,東京都大田区蒲田999-99,Nintendo Switch,大和,2018/12/3,大和太郎,100－12,03-1234-5678,神奈川県川崎市123-45,川崎,333,ゲーム,不要,なし,-,-
359,持込み,済,160,1200,0070,123456789,112233,2000,2018/12/1,2018/12/2,済,贈り物,東京都大田区蒲田999-99,Nintendo Switch,大和,2018/12/3,大和太郎,100－12,03-1234-5678,神奈川県川崎市123-45,川崎,333,ゲーム,不要,なし,-,-
360,持込み,済,160,1200,0070,123456789,112233,2000,2018/12/1,2018/12/2,済,贈り物,東京都大田区蒲田999-99,Nintendo Switch,大和,2018/12/3,大和太郎,100－12,03-1234-5678,神奈川県川崎市123-45,川崎,333,ゲーム,不要,なし,-,-
361,持込み,済,160,1200,0070,123456789,112233,2000,2018/12/1,2018/12/2,済,贈り物,東京都大田区蒲田999-99,Nintendo Switch,大和,2018/12/3,大和太郎,100－12,03-1234-5678,神奈川県川崎市123-45,川崎,333,ゲーム,不要,なし,-,-
362,持込み,済,160,1200,0070,123456789,112233,2000,2018/12/1,2018/12/2,済,贈り物,東京都大田区蒲田999-99,Nintendo Switch,大和,2018/12/3,大和太郎,100－12,03-1234-5678,神奈川県川崎市123-45,川崎,333,ゲーム,不要,なし,-,-
363,持込み,済,160,1200,0070,123456789,112233,2000,2018/12/1,2018/12/2,済,贈り物,東京都大田区蒲田999-99,Nintendo Switch,大和,2018/12/3,大和太郎,100－12,03-1234-5678,神奈川県川崎市123-45,川崎,333,ゲーム,不要,なし,-,-
364,持込み,済,160,1200,0070,123456789,112233,2000,2018/12/1,2018/12/2,済,贈り物,東京都大田区蒲田999-99,Nintendo Switch,大和,2018/12/3,大和太郎,100－12,03-1234-5678,神奈川県川崎市123-45,川崎,333,ゲーム,不要,なし,-,-
365,持込み,済,160,1200,0070,123456789,112233,2000,2018/12/1,2018/12/2,済,贈り物,東京都大田区蒲田999-99,Nintendo Switch,大和,2018/12/3,大和太郎,100－12,03-1234-5678,神奈川県川崎市123-45,川崎,333,ゲーム,不要,なし,-,-
366,持込み,済,160,1200,0070,123456789,112233,2000,2018/12/1,2018/12/2,済,贈り物,東京都大田区蒲田999-99,Nintendo Switch,大和,2018/12/3,大和太郎,100－12,03-1234-5678,神奈川県川崎市123-45,川崎,333,ゲーム,不要,なし,-,-
367,持込み,済,160,1200,0070,123456789,112233,2000,2018/12/1,2018/12/2,済,贈り物,東京都大田区蒲田999-99,Nintendo Switch,大和,2018/12/3,大和太郎,100－12,03-1234-5678,神奈川県川崎市123-45,川崎,333,ゲーム,不要,なし,-,-
368,持込み,済,160,1200,0070,123456789,112233,2000,2018/12/1,2018/12/2,済,贈り物,東京都大田区蒲田999-99,Nintendo Switch,大和,2018/12/3,大和太郎,100－12,03-1234-5678,神奈川県川崎市123-45,川崎,333,ゲーム,不要,なし,-,-
369,持込み,済,160,1200,0070,123456789,112233,2000,2018/12/1,2018/12/2,済,贈り物,東京都大田区蒲田999-99,Nintendo Switch,大和,2018/12/3,大和太郎,100－12,03-1234-5678,神奈川県川崎市123-45,川崎,333,ゲーム,不要,なし,-,-
370,持込み,済,160,1200,0070,123456789,112233,2000,2018/12/1,2018/12/2,済,贈り物,東京都大田区蒲田999-99,Nintendo Switch,大和,2018/12/3,大和太郎,100－12,03-1234-5678,神奈川県川崎市123-45,川崎,333,ゲーム,不要,なし,-,-
371,持込み,済,160,1200,0070,123456789,112233,2000,2018/12/1,2018/12/2,済,贈り物,東京都大田区蒲田999-99,Nintendo Switch,大和,2018/12/3,大和太郎,100－12,03-1234-5678,神奈川県川崎市123-45,川崎,333,ゲーム,不要,なし,-,-
372,持込み,済,160,1200,0070,123456789,112233,2000,2018/12/1,2018/12/2,済,贈り物,東京都大田区蒲田999-99,Nintendo Switch,大和,2018/12/3,大和太郎,100－12,03-1234-5678,神奈川県川崎市123-45,川崎,333,ゲーム,不要,なし,-,-
373,持込み,済,160,1200,0070,123456789,112233,2000,2018/12/1,2018/12/2,済,贈り物,東京都大田区蒲田999-99,Nintendo Switch,大和,2018/12/3,大和太郎,100－12,03-1234-5678,神奈川県川崎市123-45,川崎,333,ゲーム,不要,なし,-,-
374,持込み,済,160,1200,0070,123456789,112233,2000,2018/12/1,2018/12/2,済,贈り物,東京都大田区蒲田999-99,Nintendo Switch,大和,2018/12/3,大和太郎,100－12,03-1234-5678,神奈川県川崎市123-45,川崎,333,ゲーム,不要,なし,-,-
375,持込み,済,160,1200,0070,123456789,112233,2000,2018/12/1,2018/12/2,済,贈り物,東京都大田区蒲田999-99,Nintendo Switch,大和,2018/12/3,大和太郎,100－12,03-1234-5678,神奈川県川崎市123-45,川崎,333,ゲーム,不要,なし,-,-
376,持込み,済,160,1200,0070,123456789,112233,2000,2018/12/1,2018/12/2,済,贈り物,東京都大田区蒲田999-99,Nintendo Switch,大和,2018/12/3,大和太郎,100－12,03-1234-5678,神奈川県川崎市123-45,川崎,333,ゲーム,不要,なし,-,-
377,持込み,済,160,1200,0070,123456789,112233,2000,2018/12/1,2018/12/2,済,贈り物,東京都大田区蒲田999-99,Nintendo Switch,大和,2018/12/3,大和太郎,100－12,03-1234-5678,神奈川県川崎市123-45,川崎,333,ゲーム,不要,なし,-,-
378,持込み,済,160,1200,0070,123456789,112233,2000,2018/12/1,2018/12/2,済,贈り物,東京都大田区蒲田999-99,Nintendo Switch,大和,2018/12/3,大和太郎,100－12,03-1234-5678,神奈川県川崎市123-45,川崎,333,ゲーム,不要,なし,-,-
379,持込み,済,160,1200,0070,123456789,112233,2000,2018/12/1,2018/12/2,済,贈り物,東京都大田区蒲田999-99,Nintendo Switch,大和,2018/12/3,大和太郎,100－12,03-1234-5678,神奈川県川崎市123-45,川崎,333,ゲーム,不要,なし,-,-
380,持込み,済,160,1200,0070,123456789,112233,2000,2018/12/1,2018/12/2,済,贈り物,東京都大田区蒲田999-99,Nintendo Switch,大和,2018/12/3,大和太郎,100－12,03-1234-5678,神奈川県川崎市123-45,川崎,333,ゲーム,不要,なし,-,-
381,持込み,済,160,1200,0070,123456789,112233,2000,2018/12/1,2018/12/2,済,贈り物,東京都大田区蒲田999-99,Nintendo Switch,大和,2018/12/3,大和太郎,100－12,03-1234-5678,神奈川県川崎市123-45,川崎,333,ゲーム,不要,なし,-,-
382,持込み,済,160,1200,0070,123456789,112233,2000,2018/12/1,2018/12/2,済,贈り物,東京都大田区蒲田999-99,Nintendo Switch,大和,2018/12/3,大和太郎,100－12,03-1234-5678,神奈川県川崎市123-45,川崎,333,ゲーム,不要,なし,-,-
383,持込み,済,160,1200,0070,123456789,112233,2000,2018/12/1,2018/12/2,済,贈り物,東京都大田区蒲田999-99,Nintendo Switch,大和,2018/12/3,大和太郎,100－12,03-1234-5678,神奈川県川崎市123-45,川崎,333,ゲーム,不要,なし,-,-
384,持込み,済,160,1200,0070,123456789,112233,2000,2018/12/1,2018/12/2,済,贈り物,東京都大田区蒲田999-99,Nintendo Switch,大和,2018/12/3,大和太郎,100－12,03-1234-5678,神奈川県川崎市123-45,川崎,333,ゲーム,不要,なし,-,-
385,持込み,済,160,1200,0070,123456789,112233,2000,2018/12/1,2018/12/2,済,贈り物,東京都大田区蒲田999-99,Nintendo Switch,大和,2018/12/3,大和太郎,100－12,03-1234-5678,神奈川県川崎市123-45,川崎,333,ゲーム,不要,なし,-,-
386,持込み,済,160,1200,0070,123456789,112233,2000,2018/12/1,2018/12/2,済,贈り物,東京都大田区蒲田999-99,Nintendo Switch,大和,2018/12/3,大和太郎,100－12,03-1234-5678,神奈川県川崎市123-45,川崎,333,ゲーム,不要,なし,-,-
387,持込み,済,160,1200,0070,123456789,112233,2000,2018/12/1,2018/12/2,済,贈り物,東京都大田区蒲田999-99,Nintendo Switch,大和,2018/12/3,大和太郎,100－12,03-1234-5678,神奈川県川崎市123-45,川崎,333,ゲーム,不要,なし,-,-
388,持込み,済,160,1200,0070,123456789,112233,2000,2018/12/1,2018/12/2,済,贈り物,東京都大田区蒲田999-99,Nintendo Switch,大和,2018/12/3,大和太郎,100－12,03-1234-5678,神奈川県川崎市123-45,川崎,333,ゲーム,不要,なし,-,-
389,持込み,済,160,1200,0070,123456789,112233,2000,2018/12/1,2018/12/2,済,贈り物,東京都大田区蒲田999-99,Nintendo Switch,大和,2018/12/3,大和太郎,100－12,03-1234-5678,神奈川県川崎市123-45,川崎,333,ゲーム,不要,なし,-,-
390,持込み,済,160,1200,0070,123456789,112233,2000,2018/12/1,2018/12/2,済,贈り物,東京都大田区蒲田999-99,Nintendo Switch,大和,2018/12/3,大和太郎,100－12,03-1234-5678,神奈川県川崎市123-45,川崎,333,ゲーム,不要,なし,-,-
391,持込み,済,160,1200,0070,123456789,112233,2000,2018/12/1,2018/12/2,済,贈り物,東京都大田区蒲田999-99,Nintendo Switch,大和,2018/12/3,大和太郎,100－12,03-1234-5678,神奈川県川崎市123-45,川崎,333,ゲーム,不要,なし,-,-
392,持込み,済,160,1200,0070,123456789,112233,2000,2018/12/1,2018/12/2,済,贈り物,東京都大田区蒲田999-99,Nintendo Switch,大和,2018/12/3,大和太郎,100－12,03-1234-5678,神奈川県川崎市123-45,川崎,333,ゲーム,不要,なし,-,-
393,持込み,済,160,1200,0070,123456789,112233,2000,2018/12/1,2018/12/2,済,贈り物,東京都大田区蒲田999-99,Nintendo Switch,大和,2018/12/3,大和太郎,100－12,03-1234-5678,神奈川県川崎市123-45,川崎,333,ゲーム,不要,なし,-,-
394,持込み,済,160,1200,0070,123456789,112233,2000,2018/12/1,2018/12/2,済,贈り物,東京都大田区蒲田999-99,Nintendo Switch,大和,2018/12/3,大和太郎,100－12,03-1234-5678,神奈川県川崎市123-45,川崎,333,ゲーム,不要,なし,-,-
395,持込み,済,160,1200,0070,123456789,112233,2000,2018/12/1,2018/12/2,済,贈り物,東京都大田区蒲田999-99,Nintendo Switch,大和,2018/12/3,大和太郎,100－12,03-1234-5678,神奈川県川崎市123-45,川崎,333,ゲーム,不要,なし,-,-
396,持込み,済,160,1200,0070,123456789,112233,2000,2018/12/1,2018/12/2,済,贈り物,東京都大田区蒲田999-99,Nintendo Switch,大和,2018/12/3,大和太郎,100－12,03-1234-5678,神奈川県川崎市123-45,川崎,333,ゲーム,不要,なし,-,-
397,持込み,済,160,1200,0070,123456789,112233,2000,2018/12/1,2018/12/2,済,贈り物,東京都大田区蒲田999-99,Nintendo Switch,大和,2018/12/3,大和太郎,100－12,03-1234-5678,神奈川県川崎市123-45,川崎,333,ゲーム,不要,なし,-,-
398,持込み,済,160,1200,0070,123456789,112233,2000,2018/12/1,2018/12/2,済,贈り物,東京都大田区蒲田999-99,Nintendo Switch,大和,2018/12/3,大和太郎,100－12,03-1234-5678,神奈川県川崎市123-45,川崎,333,ゲーム,不要,なし,-,-
399,持込み,済,160,1200,0070,123456789,112233,2000,2018/12/1,2018/12/2,済,贈り物,東京都大田区蒲田999-99,Nintendo Switch,大和,2018/12/3,大和太郎,100－12,03-1234-5678,神奈川県川崎市123-45,川崎,333,ゲーム,不要,なし,-,-
400,持込み,済,160,1200,0070,123456789,112233,2000,2018/12/1,2018/12/2,済,贈り物,東京都大田区蒲田999-99,Nintendo Switch,大和,2018/12/3,大和太郎,100－12,03-1234-5678,神奈川県川崎市123-45,川崎,333,ゲーム,不要,なし,-,-
401,持込み,済,160,1200,0070,123456789,112233,2000,2018/12/1,2018/12/2,済,贈り物,東京都大田区蒲田999-99,Nintendo Switch,大和,2018/12/3,大和太郎,100－12,03-1234-5678,神奈川県川崎市123-45,川崎,333,ゲーム,不要,なし,-,-
402,持込み,済,160,1200,0070,123456789,112233,2000,2018/12/1,2018/12/2,済,贈り物,東京都大田区蒲田999-99,Nintendo Switch,大和,2018/12/3,大和太郎,100－12,03-1234-5678,神奈川県川崎市123-45,川崎,333,ゲーム,不要,なし,-,-
403,持込み,済,160,1200,0070,123456789,112233,2000,2018/12/1,2018/12/2,済,贈り物,東京都大田区蒲田999-99,Nintendo Switch,大和,2018/12/3,大和太郎,100－12,03-1234-5678,神奈川県川崎市123-45,川崎,333,ゲーム,不要,なし,-,-
404,持込み,済,160,1200,0070,123456789,112233,2000,2018/12/1,2018/12/2,済,贈り物,東京都大田区蒲田999-99,Nintendo Switch,大和,2018/12/3,大和太郎,100－12,03-1234-5678,神奈川県川崎市123-45,川崎,333,ゲーム,不要,なし,-,-
405,持込み,済,160,1200,0070,123456789,112233,2000,2018/12/1,2018/12/2,済,贈り物,東京都大田区蒲田999-99,Nintendo Switch,大和,2018/12/3,大和太郎,100－12,03-1234-5678,神奈川県川崎市123-45,川崎,333,ゲーム,不要,なし,-,-
406,持込み,済,160,1200,0070,123456789,112233,2000,2018/12/1,2018/12/2,済,贈り物,東京都大田区蒲田999-99,Nintendo Switch,大和,2018/12/3,大和太郎,100－12,03-1234-5678,神奈川県川崎市123-45,川崎,333,ゲーム,不要,なし,-,-
407,持込み,済,160,1200,0070,123456789,112233,2000,2018/12/1,2018/12/2,済,贈り物,東京都大田区蒲田999-99,Nintendo Switch,大和,2018/12/3,大和太郎,100－12,03-1234-5678,神奈川県川崎市123-45,川崎,333,ゲーム,不要,なし,-,-
408,持込み,済,160,1200,0070,123456789,112233,2000,2018/12/1,2018/12/2,済,贈り物,東京都大田区蒲田999-99,Nintendo Switch,大和,2018/12/3,大和太郎,100－12,03-1234-5678,神奈川県川崎市123-45,川崎,333,ゲーム,不要,なし,-,-
409,持込み,済,160,1200,0070,123456789,112233,2000,2018/12/1,2018/12/2,済,贈り物,東京都大田区蒲田999-99,Nintendo Switch,大和,2018/12/3,大和太郎,100－12,03-1234-5678,神奈川県川崎市123-45,川崎,333,ゲーム,不要,なし,-,-
410,持込み,済,160,1200,0070,123456789,112233,2000,2018/12/1,2018/12/2,済,贈り物,東京都大田区蒲田999-99,Nintendo Switch,大和,2018/12/3,大和太郎,100－12,03-1234-5678,神奈川県川崎市123-45,川崎,333,ゲーム,不要,なし,-,-
411,持込み,済,160,1200,0070,123456789,112233,2000,2018/12/1,2018/12/2,済,贈り物,東京都大田区蒲田999-99,Nintendo Switch,大和,2018/12/3,大和太郎,100－12,03-1234-5678,神奈川県川崎市123-45,川崎,333,ゲーム,不要,なし,-,-
412,持込み,済,160,1200,0070,123456789,112233,2000,2018/12/1,2018/12/2,済,贈り物,東京都大田区蒲田999-99,Nintendo Switch,大和,2018/12/3,大和太郎,100－12,03-1234-5678,神奈川県川崎市123-45,川崎,333,ゲーム,不要,なし,-,-
413,持込み,済,160,1200,0070,123456789,112233,2000,2018/12/1,2018/12/2,済,贈り物,東京都大田区蒲田999-99,Nintendo Switch,大和,2018/12/3,大和太郎,100－12,03-1234-5678,神奈川県川崎市123-45,川崎,333,ゲーム,不要,なし,-,-
414,持込み,済,160,1200,0070,123456789,112233,2000,2018/12/1,2018/12/2,済,贈り物,東京都大田区蒲田999-99,Nintendo Switch,大和,2018/12/3,大和太郎,100－12,03-1234-5678,神奈川県川崎市123-45,川崎,333,ゲーム,不要,なし,-,-
415,持込み,済,160,1200,0070,123456789,112233,2000,2018/12/1,2018/12/2,済,贈り物,東京都大田区蒲田999-99,Nintendo Switch,大和,2018/12/3,大和太郎,100－12,03-1234-5678,神奈川県川崎市123-45,川崎,333,ゲーム,不要,なし,-,-
416,持込み,済,160,1200,0070,123456789,112233,2000,2018/12/1,2018/12/2,済,贈り物,東京都大田区蒲田999-99,Nintendo Switch,大和,2018/12/3,大和太郎,100－12,03-1234-5678,神奈川県川崎市123-45,川崎,333,ゲーム,不要,なし,-,-
417,持込み,済,160,1200,0070,123456789,112233,2000,2018/12/1,2018/12/2,済,贈り物,東京都大田区蒲田999-99,Nintendo Switch,大和,2018/12/3,大和太郎,100－12,03-1234-5678,神奈川県川崎市123-45,川崎,333,ゲーム,不要,なし,-,-
418,持込み,済,160,1200,0070,123456789,112233,2000,2018/12/1,2018/12/2,済,贈り物,東京都大田区蒲田999-99,Nintendo Switch,大和,2018/12/3,大和太郎,100－12,03-1234-5678,神奈川県川崎市123-45,川崎,333,ゲーム,不要,なし,-,-
419,持込み,済,160,1200,0070,123456789,112233,2000,2018/12/1,2018/12/2,済,贈り物,東京都大田区蒲田999-99,Nintendo Switch,大和,2018/12/3,大和太郎,100－12,03-1234-5678,神奈川県川崎市123-45,川崎,333,ゲーム,不要,なし,-,-
420,持込み,済,160,1200,0070,123456789,112233,2000,2018/12/1,2018/12/2,済,贈り物,東京都大田区蒲田999-99,Nintendo Switch,大和,2018/12/3,大和太郎,100－12,03-1234-5678,神奈川県川崎市123-45,川崎,333,ゲーム,不要,なし,-,-
421,持込み,済,160,1200,0070,123456789,112233,2000,2018/12/1,2018/12/2,済,贈り物,東京都大田区蒲田999-99,Nintendo Switch,大和,2018/12/3,大和太郎,100－12,03-1234-5678,神奈川県川崎市123-45,川崎,333,ゲーム,不要,なし,-,-
422,持込み,済,160,1200,0070,123456789,112233,2000,2018/12/1,2018/12/2,済,贈り物,東京都大田区蒲田999-99,Nintendo Switch,大和,2018/12/3,大和太郎,100－12,03-1234-5678,神奈川県川崎市123-45,川崎,333,ゲーム,不要,なし,-,-
423,持込み,済,160,1200,0070,123456789,112233,2000,2018/12/1,2018/12/2,済,贈り物,東京都大田区蒲田999-99,Nintendo Switch,大和,2018/12/3,大和太郎,100－12,03-1234-5678,神奈川県川崎市123-45,川崎,333,ゲーム,不要,なし,-,-
424,持込み,済,160,1200,0070,123456789,112233,2000,2018/12/1,2018/12/2,済,贈り物,東京都大田区蒲田999-99,Nintendo Switch,大和,2018/12/3,大和太郎,100－12,03-1234-5678,神奈川県川崎市123-45,川崎,333,ゲーム,不要,なし,-,-
425,持込み,済,160,1200,0070,123456789,112233,2000,2018/12/1,2018/12/2,済,贈り物,東京都大田区蒲田999-99,Nintendo Switch,大和,2018/12/3,大和太郎,100－12,03-1234-5678,神奈川県川崎市123-45,川崎,333,ゲーム,不要,なし,-,-
426,持込み,済,160,1200,0070,123456789,112233,2000,2018/12/1,2018/12/2,済,贈り物,東京都大田区蒲田999-99,Nintendo Switch,大和,2018/12/3,大和太郎,100－12,03-1234-5678,神奈川県川崎市123-45,川崎,333,ゲーム,不要,なし,-,-
427,持込み,済,160,1200,0070,123456789,112233,2000,2018/12/1,2018/12/2,済,贈り物,東京都大田区蒲田999-99,Nintendo Switch,大和,2018/12/3,大和太郎,100－12,03-1234-5678,神奈川県川崎市123-45,川崎,333,ゲーム,不要,なし,-,-
428,持込み,済,160,1200,0070,123456789,112233,2000,2018/12/1,2018/12/2,済,贈り物,東京都大田区蒲田999-99,Nintendo Switch,大和,2018/12/3,大和太郎,100－12,03-1234-5678,神奈川県川崎市123-45,川崎,333,ゲーム,不要,なし,-,-
429,持込み,済,160,1200,0070,123456789,112233,2000,2018/12/1,2018/12/2,済,贈り物,東京都大田区蒲田999-99,Nintendo Switch,大和,2018/12/3,大和太郎,100－12,03-1234-5678,神奈川県川崎市123-45,川崎,333,ゲーム,不要,なし,-,-
430,持込み,済,160,1200,0070,123456789,112233,2000,2018/12/1,2018/12/2,済,贈り物,東京都大田区蒲田999-99,Nintendo Switch,大和,2018/12/3,大和太郎,100－12,03-1234-5678,神奈川県川崎市123-45,川崎,333,ゲーム,不要,なし,-,-
431,持込み,済,160,1200,0070,123456789,112233,2000,2018/12/1,2018/12/2,済,贈り物,東京都大田区蒲田999-99,Nintendo Switch,大和,2018/12/3,大和太郎,100－12,03-1234-5678,神奈川県川崎市123-45,川崎,333,ゲーム,不要,なし,-,-
432,持込み,済,160,1200,0070,123456789,112233,2000,2018/12/1,2018/12/2,済,贈り物,東京都大田区蒲田999-99,Nintendo Switch,大和,2018/12/3,大和太郎,100－12,03-1234-5678,神奈川県川崎市123-45,川崎,333,ゲーム,不要,なし,-,-
433,持込み,済,160,1200,0070,123456789,112233,2000,2018/12/1,2018/12/2,済,贈り物,東京都大田区蒲田999-99,Nintendo Switch,大和,2018/12/3,大和太郎,100－12,03-1234-5678,神奈川県川崎市123-45,川崎,333,ゲーム,不要,なし,-,-
434,持込み,済,160,1200,0070,123456789,112233,2000,2018/12/1,2018/12/2,済,贈り物,東京都大田区蒲田999-99,Nintendo Switch,大和,2018/12/3,大和太郎,100－12,03-1234-5678,神奈川県川崎市123-45,川崎,333,ゲーム,不要,なし,-,-
435,持込み,済,160,1200,0070,123456789,112233,2000,2018/12/1,2018/12/2,済,贈り物,東京都大田区蒲田999-99,Nintendo Switch,大和,2018/12/3,大和太郎,100－12,03-1234-5678,神奈川県川崎市123-45,川崎,333,ゲーム,不要,なし,-,-
436,持込み,済,160,1200,0070,123456789,112233,2000,2018/12/1,2018/12/2,済,贈り物,東京都大田区蒲田999-99,Nintendo Switch,大和,2018/12/3,大和太郎,100－12,03-1234-5678,神奈川県川崎市123-45,川崎,333,ゲーム,不要,なし,-,-
437,持込み,済,160,1200,0070,123456789,112233,2000,2018/12/1,2018/12/2,済,贈り物,東京都大田区蒲田999-99,Nintendo Switch,大和,2018/12/3,大和太郎,100－12,03-1234-5678,神奈川県川崎市123-45,川崎,333,ゲーム,不要,なし,-,-
438,持込み,済,160,1200,0070,123456789,112233,2000,2018/12/1,2018/12/2,済,贈り物,東京都大田区蒲田999-99,Nintendo Switch,大和,2018/12/3,大和太郎,100－12,03-1234-5678,神奈川県川崎市123-45,川崎,333,ゲーム,不要,なし,-,-
439,持込み,済,160,1200,0070,123456789,112233,2000,2018/12/1,2018/12/2,済,贈り物,東京都大田区蒲田999-99,Nintendo Switch,大和,2018/12/3,大和太郎,100－12,03-1234-5678,神奈川県川崎市123-45,川崎,333,ゲーム,不要,なし,-,-
440,持込み,済,160,1200,0070,123456789,112233,2000,2018/12/1,2018/12/2,済,贈り物,東京都大田区蒲田999-99,Nintendo Switch,大和,2018/12/3,大和太郎,100－12,03-1234-5678,神奈川県川崎市123-45,川崎,333,ゲーム,不要,なし,-,-
441,持込み,済,160,1200,0070,123456789,112233,2000,2018/12/1,2018/12/2,済,贈り物,東京都大田区蒲田999-99,Nintendo Switch,大和,2018/12/3,大和太郎,100－12,03-1234-5678,神奈川県川崎市123-45,川崎,333,ゲーム,不要,なし,-,-
442,持込み,済,160,1200,0070,123456789,112233,2000,2018/12/1,2018/12/2,済,贈り物,東京都大田区蒲田999-99,Nintendo Switch,大和,2018/12/3,大和太郎,100－12,03-1234-5678,神奈川県川崎市123-45,川崎,333,ゲーム,不要,なし,-,-
443,持込み,済,160,1200,0070,123456789,112233,2000,2018/12/1,2018/12/2,済,贈り物,東京都大田区蒲田999-99,Nintendo Switch,大和,2018/12/3,大和太郎,100－12,03-1234-5678,神奈川県川崎市123-45,川崎,333,ゲーム,不要,なし,-,-
444,持込み,済,160,1200,0070,123456789,112233,2000,2018/12/1,2018/12/2,済,贈り物,東京都大田区蒲田999-99,Nintendo Switch,大和,2018/12/3,大和太郎,100－12,03-1234-5678,神奈川県川崎市123-45,川崎,333,ゲーム,不要,なし,-,-
445,持込み,済,160,1200,0070,123456789,112233,2000,2018/12/1,2018/12/2,済,贈り物,東京都大田区蒲田999-99,Nintendo Switch,大和,2018/12/3,大和太郎,100－12,03-1234-5678,神奈川県川崎市123-45,川崎,333,ゲーム,不要,なし,-,-
446,持込み,済,160,1200,0070,123456789,112233,2000,2018/12/1,2018/12/2,済,贈り物,東京都大田区蒲田999-99,Nintendo Switch,大和,2018/12/3,大和太郎,100－12,03-1234-5678,神奈川県川崎市123-45,川崎,333,ゲーム,不要,なし,-,-
447,持込み,済,160,1200,0070,123456789,112233,2000,2018/12/1,2018/12/2,済,贈り物,東京都大田区蒲田999-99,Nintendo Switch,大和,2018/12/3,大和太郎,100－12,03-1234-5678,神奈川県川崎市123-45,川崎,333,ゲーム,不要,なし,-,-
448,持込み,済,160,1200,0070,123456789,112233,2000,2018/12/1,2018/12/2,済,贈り物,東京都大田区蒲田999-99,Nintendo Switch,大和,2018/12/3,大和太郎,100－12,03-1234-5678,神奈川県川崎市123-45,川崎,333,ゲーム,不要,なし,-,-
449,持込み,済,160,1200,0070,123456789,112233,2000,2018/12/1,2018/12/2,済,贈り物,東京都大田区蒲田999-99,Nintendo Switch,大和,2018/12/3,大和太郎,100－12,03-1234-5678,神奈川県川崎市123-45,川崎,333,ゲーム,不要,なし,-,-
450,持込み,済,160,1200,0070,123456789,112233,2000,2018/12/1,2018/12/2,済,贈り物,東京都大田区蒲田999-99,Nintendo Switch,大和,2018/12/3,大和太郎,100－12,03-1234-5678,神奈川県川崎市123-45,川崎,333,ゲーム,不要,なし,-,-
451,持込み,済,160,1200,0070,123456789,112233,2000,2018/12/1,2018/12/2,済,贈り物,東京都大田区蒲田999-99,Nintendo Switch,大和,2018/12/3,大和太郎,100－12,03-1234-5678,神奈川県川崎市123-45,川崎,333,ゲーム,不要,なし,-,-
452,持込み,済,160,1200,0070,123456789,112233,2000,2018/12/1,2018/12/2,済,贈り物,東京都大田区蒲田999-99,Nintendo Switch,大和,2018/12/3,大和太郎,100－12,03-1234-5678,神奈川県川崎市123-45,川崎,333,ゲーム,不要,なし,-,-
453,持込み,済,160,1200,0070,123456789,112233,2000,2018/12/1,2018/12/2,済,贈り物,東京都大田区蒲田999-99,Nintendo Switch,大和,2018/12/3,大和太郎,100－12,03-1234-5678,神奈川県川崎市123-45,川崎,333,ゲーム,不要,なし,-,-
454,持込み,済,160,1200,0070,123456789,112233,2000,2018/12/1,2018/12/2,済,贈り物,東京都大田区蒲田999-99,Nintendo Switch,大和,2018/12/3,大和太郎,100－12,03-1234-5678,神奈川県川崎市123-45,川崎,333,ゲーム,不要,なし,-,-
455,持込み,済,160,1200,0070,123456789,112233,2000,2018/12/1,2018/12/2,済,贈り物,東京都大田区蒲田999-99,Nintendo Switch,大和,2018/12/3,大和太郎,100－12,03-1234-5678,神奈川県川崎市123-45,川崎,333,ゲーム,不要,なし,-,-
456,持込み,済,160,1200,0070,123456789,112233,2000,2018/12/1,2018/12/2,済,贈り物,東京都大田区蒲田999-99,Nintendo Switch,大和,2018/12/3,大和太郎,100－12,03-1234-5678,神奈川県川崎市123-45,川崎,333,ゲーム,不要,なし,-,-
457,持込み,済,160,1200,0070,123456789,112233,2000,2018/12/1,2018/12/2,済,贈り物,東京都大田区蒲田999-99,Nintendo Switch,大和,2018/12/3,大和太郎,100－12,03-1234-5678,神奈川県川崎市123-45,川崎,333,ゲーム,不要,なし,-,-
458,持込み,済,160,1200,0070,123456789,112233,2000,2018/12/1,2018/12/2,済,贈り物,東京都大田区蒲田999-99,Nintendo Switch,大和,2018/12/3,大和太郎,100－12,03-1234-5678,神奈川県川崎市123-45,川崎,333,ゲーム,不要,なし,-,-
459,持込み,済,160,1200,0070,123456789,112233,2000,2018/12/1,2018/12/2,済,贈り物,東京都大田区蒲田999-99,Nintendo Switch,大和,2018/12/3,大和太郎,100－12,03-1234-5678,神奈川県川崎市123-45,川崎,333,ゲーム,不要,なし,-,-
460,持込み,済,160,1200,0070,123456789,112233,2000,2018/12/1,2018/12/2,済,贈り物,東京都大田区蒲田999-99,Nintendo Switch,大和,2018/12/3,大和太郎,100－12,03-1234-5678,神奈川県川崎市123-45,川崎,333,ゲーム,不要,なし,-,-
461,持込み,済,160,1200,0070,123456789,112233,2000,2018/12/1,2018/12/2,済,贈り物,東京都大田区蒲田999-99,Nintendo Switch,大和,2018/12/3,大和太郎,100－12,03-1234-5678,神奈川県川崎市123-45,川崎,333,ゲーム,不要,なし,-,-
462,持込み,済,160,1200,0070,123456789,112233,2000,2018/12/1,2018/12/2,済,贈り物,東京都大田区蒲田999-99,Nintendo Switch,大和,2018/12/3,大和太郎,100－12,03-1234-5678,神奈川県川崎市123-45,川崎,333,ゲーム,不要,なし,-,-
463,持込み,済,160,1200,0070,123456789,112233,2000,2018/12/1,2018/12/2,済,贈り物,東京都大田区蒲田999-99,Nintendo Switch,大和,2018/12/3,大和太郎,100－12,03-1234-5678,神奈川県川崎市123-45,川崎,333,ゲーム,不要,なし,-,-
464,持込み,済,160,1200,0070,123456789,112233,2000,2018/12/1,2018/12/2,済,贈り物,東京都大田区蒲田999-99,Nintendo Switch,大和,2018/12/3,大和太郎,100－12,03-1234-5678,神奈川県川崎市123-45,川崎,333,ゲーム,不要,なし,-,-
465,持込み,済,160,1200,0070,123456789,112233,2000,2018/12/1,2018/12/2,済,贈り物,東京都大田区蒲田999-99,Nintendo Switch,大和,2018/12/3,大和太郎,100－12,03-1234-5678,神奈川県川崎市123-45,川崎,333,ゲーム,不要,なし,-,-
466,持込み,済,160,1200,0070,123456789,112233,2000,2018/12/1,2018/12/2,済,贈り物,東京都大田区蒲田999-99,Nintendo Switch,大和,2018/12/3,大和太郎,100－12,03-1234-5678,神奈川県川崎市123-45,川崎,333,ゲーム,不要,なし,-,-
467,持込み,済,160,1200,0070,123456789,112233,2000,2018/12/1,2018/12/2,済,贈り物,東京都大田区蒲田999-99,Nintendo Switch,大和,2018/12/3,大和太郎,100－12,03-1234-5678,神奈川県川崎市123-45,川崎,333,ゲーム,不要,なし,-,-
468,持込み,済,160,1200,0070,123456789,112233,2000,2018/12/1,2018/12/2,済,贈り物,東京都大田区蒲田999-99,Nintendo Switch,大和,2018/12/3,大和太郎,100－12,03-1234-5678,神奈川県川崎市123-45,川崎,333,ゲーム,不要,なし,-,-
469,持込み,済,160,1200,0070,123456789,112233,2000,2018/12/1,2018/12/2,済,贈り物,東京都大田区蒲田999-99,Nintendo Switch,大和,2018/12/3,大和太郎,100－12,03-1234-5678,神奈川県川崎市123-45,川崎,333,ゲーム,不要,なし,-,-
470,持込み,済,160,1200,0070,123456789,112233,2000,2018/12/1,2018/12/2,済,贈り物,東京都大田区蒲田999-99,Nintendo Switch,大和,2018/12/3,大和太郎,100－12,03-1234-5678,神奈川県川崎市123-45,川崎,333,ゲーム,不要,なし,-,-
471,持込み,済,160,1200,0070,123456789,112233,2000,2018/12/1,2018/12/2,済,贈り物,東京都大田区蒲田999-99,Nintendo Switch,大和,2018/12/3,大和太郎,100－12,03-1234-5678,神奈川県川崎市123-45,川崎,333,ゲーム,不要,なし,-,-
472,持込み,済,160,1200,0070,123456789,112233,2000,2018/12/1,2018/12/2,済,贈り物,東京都大田区蒲田999-99,Nintendo Switch,大和,2018/12/3,大和太郎,100－12,03-1234-5678,神奈川県川崎市123-45,川崎,333,ゲーム,不要,なし,-,-
473,持込み,済,160,1200,0070,123456789,112233,2000,2018/12/1,2018/12/2,済,贈り物,東京都大田区蒲田999-99,Nintendo Switch,大和,2018/12/3,大和太郎,100－12,03-1234-5678,神奈川県川崎市123-45,川崎,333,ゲーム,不要,なし,-,-
474,持込み,済,160,1200,0070,123456789,112233,2000,2018/12/1,2018/12/2,済,贈り物,東京都大田区蒲田999-99,Nintendo Switch,大和,2018/12/3,大和太郎,100－12,03-1234-5678,神奈川県川崎市123-45,川崎,333,ゲーム,不要,なし,-,-
475,持込み,済,160,1200,0070,123456789,112233,2000,2018/12/1,2018/12/2,済,贈り物,東京都大田区蒲田999-99,Nintendo Switch,大和,2018/12/3,大和太郎,100－12,03-1234-5678,神奈川県川崎市123-45,川崎,333,ゲーム,不要,なし,-,-
476,持込み,済,160,1200,0070,123456789,112233,2000,2018/12/1,2018/12/2,済,贈り物,東京都大田区蒲田999-99,Nintendo Switch,大和,2018/12/3,大和太郎,100－12,03-1234-5678,神奈川県川崎市123-45,川崎,333,ゲーム,不要,なし,-,-
477,持込み,済,160,1200,0070,123456789,112233,2000,2018/12/1,2018/12/2,済,贈り物,東京都大田区蒲田999-99,Nintendo Switch,大和,2018/12/3,大和太郎,100－12,03-1234-5678,神奈川県川崎市123-45,川崎,333,ゲーム,不要,なし,-,-
478,持込み,済,160,1200,0070,123456789,112233,2000,2018/12/1,2018/12/2,済,贈り物,東京都大田区蒲田999-99,Nintendo Switch,大和,2018/12/3,大和太郎,100－12,03-1234-5678,神奈川県川崎市123-45,川崎,333,ゲーム,不要,なし,-,-
479,持込み,済,160,1200,0070,123456789,112233,2000,2018/12/1,2018/12/2,済,贈り物,東京都大田区蒲田999-99,Nintendo Switch,大和,2018/12/3,大和太郎,100－12,03-1234-5678,神奈川県川崎市123-45,川崎,333,ゲーム,不要,なし,-,-
480,持込み,済,160,1200,0070,123456789,112233,2000,2018/12/1,2018/12/2,済,贈り物,東京都大田区蒲田999-99,Nintendo Switch,大和,2018/12/3,大和太郎,100－12,03-1234-5678,神奈川県川崎市123-45,川崎,333,ゲーム,不要,なし,-,-
481,持込み,済,160,1200,0070,123456789,112233,2000,2018/12/1,2018/12/2,済,贈り物,東京都大田区蒲田999-99,Nintendo Switch,大和,2018/12/3,大和太郎,100－12,03-1234-5678,神奈川県川崎市123-45,川崎,333,ゲーム,不要,なし,-,-
482,持込み,済,160,1200,0070,123456789,112233,2000,2018/12/1,2018/12/2,済,贈り物,東京都大田区蒲田999-99,Nintendo Switch,大和,2018/12/3,大和太郎,100－12,03-1234-5678,神奈川県川崎市123-45,川崎,333,ゲーム,不要,なし,-,-
483,持込み,済,160,1200,0070,123456789,112233,2000,2018/12/1,2018/12/2,済,贈り物,東京都大田区蒲田999-99,Nintendo Switch,大和,2018/12/3,大和太郎,100－12,03-1234-5678,神奈川県川崎市123-45,川崎,333,ゲーム,不要,なし,-,-
484,持込み,済,160,1200,0070,123456789,112233,2000,2018/12/1,2018/12/2,済,贈り物,東京都大田区蒲田999-99,Nintendo Switch,大和,2018/12/3,大和太郎,100－12,03-1234-5678,神奈川県川崎市123-45,川崎,333,ゲーム,不要,なし,-,-
485,持込み,済,160,1200,0070,123456789,112233,2000,2018/12/1,2018/12/2,済,贈り物,東京都大田区蒲田999-99,Nintendo Switch,大和,2018/12/3,大和太郎,100－12,03-1234-5678,神奈川県川崎市123-45,川崎,333,ゲーム,不要,なし,-,-
486,持込み,済,160,1200,0070,123456789,112233,2000,2018/12/1,2018/12/2,済,贈り物,東京都大田区蒲田999-99,Nintendo Switch,大和,2018/12/3,大和太郎,100－12,03-1234-5678,神奈川県川崎市123-45,川崎,333,ゲーム,不要,なし,-,-
487,持込み,済,160,1200,0070,123456789,112233,2000,2018/12/1,2018/12/2,済,贈り物,東京都大田区蒲田999-99,Nintendo Switch,大和,2018/12/3,大和太郎,100－12,03-1234-5678,神奈川県川崎市123-45,川崎,333,ゲーム,不要,なし,-,-
488,持込み,済,160,1200,0070,123456789,112233,2000,2018/12/1,2018/12/2,済,贈り物,東京都大田区蒲田999-99,Nintendo Switch,大和,2018/12/3,大和太郎,100－12,03-1234-5678,神奈川県川崎市123-45,川崎,333,ゲーム,不要,なし,-,-
489,持込み,済,160,1200,0070,123456789,112233,2000,2018/12/1,2018/12/2,済,贈り物,東京都大田区蒲田999-99,Nintendo Switch,大和,2018/12/3,大和太郎,100－12,03-1234-5678,神奈川県川崎市123-45,川崎,333,ゲーム,不要,なし,-,-
490,持込み,済,160,1200,0070,123456789,112233,2000,2018/12/1,2018/12/2,済,贈り物,東京都大田区蒲田999-99,Nintendo Switch,大和,2018/12/3,大和太郎,100－12,03-1234-5678,神奈川県川崎市123-45,川崎,333,ゲーム,不要,なし,-,-
491,持込み,済,160,1200,0070,123456789,112233,2000,2018/12/1,2018/12/2,済,贈り物,東京都大田区蒲田999-99,Nintendo Switch,大和,2018/12/3,大和太郎,100－12,03-1234-5678,神奈川県川崎市123-45,川崎,333,ゲーム,不要,なし,-,-
492,持込み,済,160,1200,0070,123456789,112233,2000,2018/12/1,2018/12/2,済,贈り物,東京都大田区蒲田999-99,Nintendo Switch,大和,2018/12/3,大和太郎,100－12,03-1234-5678,神奈川県川崎市123-45,川崎,333,ゲーム,不要,なし,-,-
493,持込み,済,160,1200,0070,123456789,112233,2000,2018/12/1,2018/12/2,済,贈り物,東京都大田区蒲田999-99,Nintendo Switch,大和,2018/12/3,大和太郎,100－12,03-1234-5678,神奈川県川崎市123-45,川崎,333,ゲーム,不要,なし,-,-
494,持込み,済,160,1200,0070,123456789,112233,2000,2018/12/1,2018/12/2,済,贈り物,東京都大田区蒲田999-99,Nintendo Switch,大和,2018/12/3,大和太郎,100－12,03-1234-5678,神奈川県川崎市123-45,川崎,333,ゲーム,不要,なし,-,-
495,持込み,済,160,1200,0070,123456789,112233,2000,2018/12/1,2018/12/2,済,贈り物,東京都大田区蒲田999-99,Nintendo Switch,大和,2018/12/3,大和太郎,100－12,03-1234-5678,神奈川県川崎市123-45,川崎,333,ゲーム,不要,なし,-,-
496,持込み,済,160,1200,0070,123456789,112233,2000,2018/12/1,2018/12/2,済,贈り物,東京都大田区蒲田999-99,Nintendo Switch,大和,2018/12/3,大和太郎,100－12,03-1234-5678,神奈川県川崎市123-45,川崎,333,ゲーム,不要,なし,-,-
497,持込み,済,160,1200,0070,123456789,112233,2000,2018/12/1,2018/12/2,済,贈り物,東京都大田区蒲田999-99,Nintendo Switch,大和,2018/12/3,大和太郎,100－12,03-1234-5678,神奈川県川崎市123-45,川崎,333,ゲーム,不要,なし,-,-
498,持込み,済,160,1200,0070,123456789,112233,2000,2018/12/1,2018/12/2,済,贈り物,東京都大田区蒲田999-99,Nintendo Switch,大和,2018/12/3,大和太郎,100－12,03-1234-5678,神奈川県川崎市123-45,川崎,333,ゲーム,不要,なし,-,-
499,持込み,済,160,1200,0070,123456789,112233,2000,2018/12/1,2018/12/2,済,贈り物,東京都大田区蒲田999-99,Nintendo Switch,大和,2018/12/3,大和太郎,100－12,03-1234-5678,神奈川県川崎市123-45,川崎,333,ゲーム,不要,なし,-,-
500,持込み,済,160,1200,0070,123456789,112233,2000,2018/12/1,2018/12/2,済,贈り物,東京都大田区蒲田999-99,Nintendo Switch,大和,2018/12/3,大和太郎,100－12,03-1234-5678,神奈川県川崎市123-45,川崎,333,ゲーム,不要,なし,-,-
501,,,,,,,,,,,,,,,,,,,,,,,,,,,
